dataset,encoder,seed,latent_dim,payload,pc1_pc2_pct,k50,k90,k95,effective_rank,participation_ratio
bouncing_disks,AE,0,64,models/bouncing_disks/latent_tda_features/seed0_test_T50_B128_H64_W64_latent64_win15_bins16.pt,46.351807910210674,3,9,10,9.31373679813413,6.923439119585841
bouncing_disks,GeoAE,0,64,models/bouncing_disks_geoae_lam0.1/latent_tda_features/seed0_test_T50_B128_H64_W64_latent64_win15_bins16.pt,22.108880065439763,8,35,44,33.911287656305724,20.910313584275183
bouncing_disks,TopoAE,0,64,models/bouncing_disks_topoae_lam0.1_signature/latent_tda_features/seed0_test_T50_B128_H64_W64_latent64_win15_bins16.pt,47.86438210595322,3,6,7,6.381116650175324,5.493920258639729
bouncing_rings,AE,0,64,models/bouncing_rings/latent_tda_features/seed0_test_T50_B128_H64_W64_latent64_win15_bins16.pt,56.74597553316247,2,7,8,6.5048440124693006,5.001404933162109
bouncing_rings,GeoAE,0,64,models/bouncing_rings_geoae_lam0.1/latent_tda_features/seed0_test_T50_B128_H64_W64_latent64_win15_bins16.pt,16.864724136723012,12,40,48,42.14375741168375,29.8179051135819
bouncing_rings,TopoAE,0,64,models/bouncing_rings_topoae_lam0.1_signature/latent_tda_features/seed0_test_T50_B128_H64_W64_latent64_win15_bins16.pt,49.87798074074546,3,5,7,6.114893977591514,5.228686665305617
orbiting_disks,AE,0,64,models/orbiting_disks/latent_tda_features/seed0_test_T50_B128_H64_W64_latent64_win15_bins16.pt,93.36060501539751,1,2,3,1.6757426199117378,1.2355817816545922
orbiting_disks,GeoAE,0,64,models/orbiting_disks_geoae_lam0.1/latent_tda_features/seed0_test_T50_B128_H64_W64_latent64_win15_bins16.pt,12.555355224166052,12,39,48,43.191284241199156,33.352778490238805
orbiting_disks,TopoAE,0,64,models/orbiting_disks_topoae_lam0.1_signature/latent_tda_features/seed0_test_T50_B128_H64_W64_latent64_win15_bins16.pt,44.0113621985314,3,6,8,6.9813215795662416,5.914308525265559
orbiting_rings,AE,0,64,models/orbiting_rings/latent_tda_features/seed0_test_T50_B128_H64_W64_latent64_win15_bins16.pt,94.41680937721497,1,1,3,1.5741711829106848,1.1950619090373409
orbiting_rings,GeoAE,0,64,models/orbiting_rings_geoae_lam0.1/latent_tda_features/seed0_test_T50_B128_H64_W64_latent64_win15_bins16.pt,11.959420991496344,14,41,49,45.27081650820751,35.674022107956546
orbiting_rings,TopoAE,0,64,models/orbiting_rings_topoae_lam0.1_signature/latent_tda_features/seed0_test_T50_B128_H64_W64_latent64_win15_bins16.pt,45.409188212312216,3,6,7,6.706100599498093,5.6844135130946345
moving_mnist,AE,0,48,models/moving_mnist/latent_tda_features/seed0_test_T20_B128_H64_W64_latent48_win15_bins16.pt,89.80158863553629,1,3,4,2.0850751021207685,1.4022475452684409
moving_mnist,GeoAE,0,48,models/moving_mnist_geoae_lam0.1/latent_tda_features/seed0_test_T20_B128_H64_W64_latent48_win15_bins16.pt,35.762853293181294,4,21,29,18.0807287808811,9.781496181467649
moving_mnist,TopoAE,0,48,models/moving_mnist_topoae_lam0.1_signature/latent_tda_features/seed0_test_T20_B128_H64_W64_latent48_win15_bins16.pt,48.26283586689825,3,6,7,6.866601841715615,5.615702680671902
lorenz96,AE,0,64,models/lorenz96/latent_tda_features/seed0_test_T100_B128_H64_W64_latent64_win15_bins16.pt,22.6393579537379,6,13,15,15.54509738057778,13.360549714301111
lorenz96,GeoAE,0,64,models/lorenz96_geoae_lam0.1/latent_tda_features/seed0_test_T100_B128_H64_W64_latent64_win15_bins16.pt,15.295089548154944,9,25,30,29.67733815352162,23.33694146605749
lorenz96,TopoAE,0,64,models/lorenz96_topoae_lam0.1_signature/latent_tda_features/seed0_test_T100_B128_H64_W64_latent64_win15_bins16.pt,24.66751229653201,5,12,13,13.478568920243266,11.963030914101557
electric_devices,AE,0,64,models/electric_devices/latent_tda_features/seed0_test_T96_B128_H32_W32_latent64_win15_bins16.pt,99.55289564742971,1,2,2,2.060187584599686,1.995149139895197
electric_devices,GeoAE,0,64,models/electric_devices_geoae_lam0.1/latent_tda_features/seed0_test_T96_B128_H32_W32_latent64_win15_bins16.pt,29.392490063463363,6,31,41,26.845390485471835,14.787630742106497
electric_devices,TopoAE,0,64,models/electric_devices_topoae_lam0.1_signature/latent_tda_features/seed0_test_T96_B128_H32_W32_latent64_win15_bins16.pt,64.67661612662387,2,5,6,5.02475423444573,3.6926095582941585
glioblastoma,AE,0,128,models/glioblastoma/latent_tda_features/seed0_test_T50_B64_H64_W64_latent128_win15_bins16.pt,49.766642822578724,3,12,18,11.208496195947438,5.927484368302398
glioblastoma,GeoAE,0,128,models/glioblastoma_geoae_lam0.1/latent_tda_features/seed0_test_T50_B64_H64_W64_latent128_win15_bins16.pt,28.134077456526907,6,27,37,26.669217670380345,15.798525281700156
glioblastoma,TopoAE,0,128,models/glioblastoma_topoae_lam0.1_signature/latent_tda_features/seed0_test_T50_B64_H64_W64_latent128_win15_bins16.pt,59.88552134638482,2,7,10,7.273219961476416,4.549473666795161
hela,AE,0,128,models/hela/latent_tda_features/seed0_test_T50_B28_H64_W64_latent128_win15_bins16.pt,97.87991443762793,1,1,1,1.2370821596414472,1.0721019190216377
hela,GeoAE,0,128,models/hela_geoae_lam0.1/latent_tda_features/seed0_test_T50_B28_H64_W64_latent128_win15_bins16.pt,72.9034455112854,1,16,29,6.408239186158217,2.3963685084180004
hela,TopoAE,0,128,models/hela_topoae_lam0.1_signature/latent_tda_features/seed0_test_T50_B28_H64_W64_latent128_win15_bins16.pt,86.8305841154791,1,3,8,2.8946224730786128,1.641298245678496
