dataset,encoder,seed,split,time_steps,clips,latent_dim,pca_explained_variance,payload
bouncing_disks,AE,0,test,50,128,64,0.5201005935668945,models/bouncing_disks/latent_tda_features/seed0_test_T50_B128_H64_W64_latent64_win15_bins16.pt
bouncing_disks,GeoAE,0,test,50,128,64,0.21316421031951904,models/bouncing_disks_geoae_lam0.1/latent_tda_features/seed0_test_T50_B128_H64_W64_latent64_win15_bins16.pt
bouncing_disks,TopoAE,0,test,50,128,64,0.47533118724823,models/bouncing_disks_topoae_lam0.1_signature/latent_tda_features/seed0_test_T50_B128_H64_W64_latent64_win15_bins16.pt
bouncing_rings,AE,0,test,50,128,64,0.7576241493225098,models/bouncing_rings/latent_tda_features/seed0_test_T50_B128_H64_W64_latent64_win15_bins16.pt
bouncing_rings,GeoAE,0,test,50,128,64,0.18331825733184814,models/bouncing_rings_geoae_lam0.1/latent_tda_features/seed0_test_T50_B128_H64_W64_latent64_win15_bins16.pt
bouncing_rings,TopoAE,0,test,50,128,64,0.49885720014572144,models/bouncing_rings_topoae_lam0.1_signature/latent_tda_features/seed0_test_T50_B128_H64_W64_latent64_win15_bins16.pt
orbiting_disks,AE,0,test,50,128,64,0.9357506036758423,models/orbiting_disks/latent_tda_features/seed0_test_T50_B128_H64_W64_latent64_win15_bins16.pt
orbiting_disks,GeoAE,0,test,50,128,64,0.13725894689559937,models/orbiting_disks_geoae_lam0.1/latent_tda_features/seed0_test_T50_B128_H64_W64_latent64_win15_bins16.pt
orbiting_disks,TopoAE,0,test,50,128,64,0.42692363262176514,models/orbiting_disks_topoae_lam0.1_signature/latent_tda_features/seed0_test_T50_B128_H64_W64_latent64_win15_bins16.pt
orbiting_rings,AE,0,test,50,128,64,0.9427210092544556,models/orbiting_rings/latent_tda_features/seed0_test_T50_B128_H64_W64_latent64_win15_bins16.pt
orbiting_rings,GeoAE,0,test,50,128,64,0.15366682410240173,models/orbiting_rings_geoae_lam0.1/latent_tda_features/seed0_test_T50_B128_H64_W64_latent64_win15_bins16.pt
orbiting_rings,TopoAE,0,test,50,128,64,0.44575291872024536,models/orbiting_rings_topoae_lam0.1_signature/latent_tda_features/seed0_test_T50_B128_H64_W64_latent64_win15_bins16.pt
moving_mnist,AE,0,test,20,128,48,0.8980157375335693,models/moving_mnist/latent_tda_features/seed0_test_T20_B128_H64_W64_latent48_win15_bins16.pt
moving_mnist,GeoAE,0,test,20,128,48,0.35762858390808105,models/moving_mnist_geoae_lam0.1/latent_tda_features/seed0_test_T20_B128_H64_W64_latent48_win15_bins16.pt
moving_mnist,TopoAE,0,test,20,128,48,0.4826285243034363,models/moving_mnist_topoae_lam0.1_signature/latent_tda_features/seed0_test_T20_B128_H64_W64_latent48_win15_bins16.pt
lorenz96,AE,0,test,100,128,64,0.33164864778518677,models/lorenz96/latent_tda_features/seed0_test_T100_B128_H64_W64_latent64_win15_bins16.pt
lorenz96,GeoAE,0,test,100,128,64,0.14618144929409027,models/lorenz96_geoae_lam0.1/latent_tda_features/seed0_test_T100_B128_H64_W64_latent64_win15_bins16.pt
lorenz96,TopoAE,0,test,100,128,64,0.2528042197227478,models/lorenz96_topoae_lam0.1_signature/latent_tda_features/seed0_test_T100_B128_H64_W64_latent64_win15_bins16.pt
electric_devices,AE,0,test,96,128,64,0.9955232739448547,models/electric_devices/latent_tda_features/seed0_test_T96_B128_H32_W32_latent64_win15_bins16.pt
electric_devices,GeoAE,0,test,96,128,64,0.2939252257347107,models/electric_devices_geoae_lam0.1/latent_tda_features/seed0_test_T96_B128_H32_W32_latent64_win15_bins16.pt
electric_devices,TopoAE,0,test,96,128,64,0.6467657089233398,models/electric_devices_topoae_lam0.1_signature/latent_tda_features/seed0_test_T96_B128_H32_W32_latent64_win15_bins16.pt
glioblastoma,AE,0,test,50,64,128,0.49766629934310913,models/glioblastoma/latent_tda_features/seed0_test_T50_B64_H64_W64_latent128_win15_bins16.pt
glioblastoma,GeoAE,0,test,50,64,128,0.2813407778739929,models/glioblastoma_geoae_lam0.1/latent_tda_features/seed0_test_T50_B64_H64_W64_latent128_win15_bins16.pt
glioblastoma,TopoAE,0,test,50,64,128,0.5988550186157227,models/glioblastoma_topoae_lam0.1_signature/latent_tda_features/seed0_test_T50_B64_H64_W64_latent128_win15_bins16.pt
hela,AE,0,test,50,28,128,0.978799045085907,models/hela/latent_tda_features/seed0_test_T50_B28_H64_W64_latent128_win15_bins16.pt
hela,GeoAE,0,test,50,28,128,0.729034423828125,models/hela_geoae_lam0.1/latent_tda_features/seed0_test_T50_B28_H64_W64_latent128_win15_bins16.pt
hela,TopoAE,0,test,50,28,128,0.8683057427406311,models/hela_topoae_lam0.1_signature/latent_tda_features/seed0_test_T50_B28_H64_W64_latent128_win15_bins16.pt
