dataset,geo_ae_lambda,effective_rank,effective_rank_std,k90,k90_std,mse_mean,mse_rank,effective_rank_rank,relative_mse
bouncing_disks,0.0,2.82258,0.3435383049966918,3.0,0.0,0.0196,1.0,0.09090909090909091,16.333333333333336
bouncing_disks,0.0005,4.05852,2.2626369686717314,4.0,2.2360679774997894,0.00996,0.9090909090909091,0.18181818181818182,8.3
bouncing_disks,0.001,8.5506,4.47576149554464,7.6,3.8470768123342687,0.0054,0.8181818181818182,0.2727272727272727,4.500000000000001
bouncing_disks,0.005,22.196180000000002,2.5695057826360292,20.8,3.7682887362833544,0.00142,0.6363636363636364,0.45454545454545453,1.1833333333333336
bouncing_disks,0.01,28.52418,2.0413171647247754,27.8,2.489979919597747,0.0012,0.09090909090909091,0.6363636363636364,1.0
bouncing_disks,0.05,37.32482,0.6360933477092814,36.6,0.547722557505166,0.0015,0.7272727272727273,0.8181818181818182,1.2500000000000002
bouncing_disks,0.1,38.81988,2.915343193690926,38.0,1.7320508075688779,0.0013,0.3181818181818182,0.9090909090909091,1.0833333333333335
bouncing_disks,0.2,41.29594,1.3482905595605104,39.8,1.0954451150103328,0.0013,0.3181818181818182,1.0,1.0833333333333335
bouncing_disks,0.5,31.73696,16.275670009649374,30.2,15.238110119040353,0.0013,0.3181818181818182,0.7272727272727273,1.0833333333333335
bouncing_disks,0.7,25.94196,15.336791338086336,24.4,14.724129855444769,0.0014,0.5454545454545454,0.5454545454545454,1.1666666666666667
bouncing_disks,1.0,20.0137,17.31832755984249,19.0,16.55294535724685,0.0013,0.3181818181818182,0.36363636363636365,1.0833333333333335
bouncing_rings,0.0,1.8736799999999998,0.144216025461805,2.0,0.0,0.008,1.0,0.09090909090909091,7.2727272727272725
bouncing_rings,0.0005,2.8270399999999998,1.0362737008146061,3.0,1.224744871391589,0.00424,0.9090909090909091,0.18181818181818182,3.854545454545454
bouncing_rings,0.001,7.80262,4.694253372688781,7.4,4.03732584763727,0.0025,0.8181818181818182,0.2727272727272727,2.2727272727272725
bouncing_rings,0.005,23.37848,2.74236628333999,24.0,2.8284271247461903,0.0013,0.36363636363636365,0.45454545454545453,1.1818181818181817
bouncing_rings,0.01,28.752820000000003,2.7263965232518927,29.4,1.8165902124584945,0.0013,0.36363636363636365,0.6363636363636364,1.1818181818181817
bouncing_rings,0.05,39.71096,0.8323279269614826,38.2,0.8366600265340757,0.00138,0.6363636363636364,0.8181818181818182,1.2545454545454544
bouncing_rings,0.1,43.10782,1.2068686577254375,40.8,0.8366600265340757,0.0013,0.36363636363636365,0.9090909090909091,1.1818181818181817
bouncing_rings,0.2,44.31078,0.709448001618158,41.6,1.1401754250991383,0.0014,0.7272727272727273,1.0,1.2727272727272727
bouncing_rings,0.5,33.609339999999996,18.266887813828603,32.2,17.541379649275026,0.0011,0.09090909090909091,0.7272727272727273,1.0
bouncing_rings,0.7,27.6452,15.879595702976824,25.6,14.943225890014512,0.0013,0.36363636363636365,0.5454545454545454,1.1818181818181817
bouncing_rings,1.0,22.01504,19.33490865178835,20.2,17.711578134090704,0.0013,0.36363636363636365,0.36363636363636365,1.1818181818181817
electric_devices,0.0,1.5181200000000001,0.3871727740944604,1.6,0.5477225575051661,0.0278,1.0,0.09090909090909091,19.857142857142858
electric_devices,0.0005,2.1693000000000002,0.8295704099110577,2.2,0.447213595499958,0.00938,0.9090909090909091,0.18181818181818182,6.699999999999999
electric_devices,0.001,4.01618,1.9130530342883858,3.8,2.04939015319192,0.0052,0.8181818181818182,0.2727272727272727,3.714285714285714
electric_devices,0.005,14.41046,2.0534171332196482,16.0,2.3452078799117144,0.00152,0.36363636363636365,0.36363636363636365,1.0857142857142859
electric_devices,0.01,18.85378,2.087793792978608,22.0,2.345207879911715,0.0015,0.22727272727272727,0.45454545454545453,1.0714285714285714
electric_devices,0.05,26.84172,1.6373657951111598,29.8,0.8366600265340757,0.00154,0.45454545454545453,0.5454545454545454,1.0999999999999999
electric_devices,0.1,29.29432,1.9380376497890854,32.0,1.2247448713915892,0.0014,0.09090909090909091,0.9090909090909091,1.0
electric_devices,0.2,30.7021,1.308789224818115,33.2,0.8366600265340753,0.0016,0.5909090909090909,1.0,1.142857142857143
electric_devices,0.5,29.28308,1.1246777347311538,32.4,1.3416407864998738,0.0015,0.22727272727272727,0.8181818181818182,1.0714285714285714
electric_devices,0.7,28.93336,3.806333702922012,32.0,4.527692569068709,0.0017,0.7272727272727273,0.7272727272727273,1.2142857142857142
electric_devices,1.0,28.870240000000003,3.6320198943563065,31.6,3.781534080237807,0.0016,0.5909090909090909,0.6363636363636364,1.142857142857143
glioblastoma,0.0,9.75866,2.415014203477901,13.6,2.701851217221259,0.0025,1.0,0.09090909090909091,2.5
glioblastoma,0.0005,27.52268,1.3875940083468228,27.0,1.0,0.00104,0.18181818181818182,0.2727272727272727,1.0399999999999998
glioblastoma,0.001,27.5097,1.4998451586747217,27.0,1.732050807568877,0.0012,0.5454545454545454,0.18181818181818182,1.2
glioblastoma,0.005,29.59306,1.2322041888420923,28.0,1.2247448713915894,0.00116,0.36363636363636365,1.0,1.16
glioblastoma,0.01,28.71036,1.2495761633449969,27.8,1.095445115010332,0.0012,0.5454545454545454,0.9090909090909091,1.2
glioblastoma,0.05,28.04232,2.384166541372477,27.2,1.7888543819998317,0.001,0.09090909090909091,0.5454545454545454,1.0
glioblastoma,0.1,27.74072,1.5568909168596246,27.2,0.8366600265340757,0.0011,0.2727272727272727,0.36363636363636365,1.1
glioblastoma,0.2,27.85944,2.961709876574681,26.8,3.1144823004794873,0.0012,0.5454545454545454,0.45454545454545453,1.2
glioblastoma,0.5,28.3812,2.468890171716841,27.8,1.6431676725154982,0.0013,0.7272727272727273,0.8181818181818182,1.2999999999999998
glioblastoma,0.7,28.11894,2.6181007129214864,27.2,2.3874672772626644,0.0015,0.8636363636363636,0.7272727272727273,1.5
glioblastoma,1.0,28.052340000000004,3.318021447790839,26.8,2.8635642126552705,0.0015,0.8636363636363636,0.6363636363636364,1.5
hela,0.0,1.1486399999999999,0.12017109885492439,1.0,0.0,0.0321,1.0,0.09090909090909091,6.419999999999999
hela,0.0005,1.66234,0.991088784115732,1.4,0.8944271909999159,0.0169,0.9090909090909091,0.18181818181818182,3.3799999999999994
hela,0.001,1.92728,0.9499780481674301,1.6,0.8944271909999159,0.0109,0.8181818181818182,0.2727272727272727,2.18
hela,0.005,3.02452,1.5541271093446638,4.8,4.8166378315169185,0.00684,0.2727272727272727,0.36363636363636365,1.3679999999999999
hela,0.01,3.9751399999999997,1.2481448766068786,8.4,3.9115214431215892,0.005,0.09090909090909091,0.45454545454545453,1.0
hela,0.05,5.8012999999999995,1.4852646127879032,14.8,5.019960159204453,0.00662,0.18181818181818182,0.8181818181818182,1.324
hela,0.1,5.65882,1.2788142679842134,14.4,4.505552130427524,0.0069,0.36363636363636365,0.5454545454545454,1.38
hela,0.2,5.70558,1.268264691221829,14.8,4.711687595755898,0.0078,0.45454545454545453,0.6363636363636364,1.5599999999999998
hela,0.5,6.0728,1.3720626461645258,15.6,5.412947441089743,0.0083,0.5454545454545454,1.0,1.66
hela,0.7,5.8876800000000005,1.385766575581905,15.4,5.412947441089743,0.0093,0.7272727272727273,0.9090909090909091,1.8599999999999999
hela,1.0,5.7739,1.3710515489944204,15.2,5.449770637375485,0.0084,0.6363636363636364,0.7272727272727273,1.68
lorenz96,0.0,13.0632,3.4095100117172255,13.8,3.2710854467592254,0.0031,1.0,0.09090909090909091,2.818181818181818
lorenz96,0.0005,16.06814,3.783967995768463,16.0,3.937003937005905,0.00274,0.9090909090909091,0.18181818181818182,2.4909090909090907
lorenz96,0.001,18.615199999999998,3.2735561244615927,17.4,3.2863353450309964,0.0022,0.8181818181818182,0.2727272727272727,2.0
lorenz96,0.005,25.490019999999998,1.0018506660176452,20.8,0.8366600265340757,0.00198,0.7272727272727273,0.36363636363636365,1.7999999999999998
lorenz96,0.01,27.08046,0.560321138276971,22.0,0.7071067811865476,0.0018,0.6363636363636364,0.45454545454545453,1.6363636363636362
lorenz96,0.05,30.333479999999998,1.1768668051228228,25.2,1.095445115010332,0.0014399999999999,0.45454545454545453,0.8181818181818182,1.309090909090818
lorenz96,0.1,29.8315,1.6875873710714948,25.2,1.30384048104053,0.0011,0.09090909090909091,0.6363636363636364,1.0
lorenz96,0.2,30.613999999999997,2.0365822202896697,26.0,1.414213562373095,0.0012,0.18181818181818182,0.9090909090909091,1.0909090909090908
lorenz96,0.5,29.668619999999997,2.0228048786276944,25.6,1.3416407864998734,0.0015,0.5454545454545454,0.5454545454545454,1.3636363636363635
lorenz96,0.7,30.2914,3.01021557450625,26.0,2.5495097567963922,0.0014,0.3181818181818182,0.7272727272727273,1.2727272727272727
lorenz96,1.0,30.69622,1.6947350536293275,26.8,1.643167672515498,0.0014,0.3181818181818182,1.0,1.2727272727272727
moving_mnist,0.0,1.9053200000000001,0.053201663507826506,2.0,0.0,0.0045,1.0,0.09090909090909091,5.624999999999999
moving_mnist,0.0005,2.84652,0.4983119073431819,3.4,0.5477225575051661,0.00272,0.9090909090909091,0.18181818181818182,3.4
moving_mnist,0.001,7.29118,3.703902012337799,7.0,2.8284271247461903,0.0017,0.8181818181818182,0.2727272727272727,2.125
moving_mnist,0.005,15.798680000000001,1.0331395413979665,14.4,1.6733200530681511,0.00092,0.5454545454545454,0.45454545454545453,1.15
moving_mnist,0.01,19.13924,0.8366197093064467,18.6,1.6733200530681507,0.0009,0.3181818181818182,0.6363636363636364,1.125
moving_mnist,0.05,30.48382,1.6702381303275298,29.8,0.8366600265340753,0.0008,0.09090909090909091,0.8181818181818182,1.0
moving_mnist,0.1,35.76542,1.2426574415340712,33.2,0.8366600265340757,0.0009,0.3181818181818182,1.0,1.125
moving_mnist,0.2,33.23776,6.3760241818863905,31.0,5.787918451395113,0.0009,0.3181818181818182,0.9090909090909091,1.125
moving_mnist,0.5,19.28024,16.71752010042159,17.8,15.385057685949702,0.0009,0.3181818181818182,0.7272727272727273,1.125
moving_mnist,0.7,17.88414,16.055775886515107,16.4,14.825653442597394,0.001,0.6363636363636364,0.5454545454545454,1.25
moving_mnist,1.0,12.93946,15.668714080549176,11.6,13.740451229854134,0.0011,0.7272727272727273,0.36363636363636365,1.375
orbiting_disks,0.0,1.6683,0.04466139272346975,1.6,0.5477225575051661,0.0051,1.0,0.09090909090909091,3.1875
orbiting_disks,0.0005,3.6848600000000005,2.7959621086488275,4.4,2.0736441353327724,0.0031,0.9090909090909091,0.18181818181818182,1.9374999999999998
orbiting_disks,0.001,8.79406,5.566075774097942,8.2,4.381780460041329,0.0021,0.8181818181818182,0.2727272727272727,1.3124999999999998
orbiting_disks,0.005,21.91956,1.9924552813049532,19.8,1.4832396974191326,0.0017399999999999,0.5454545454545454,0.36363636363636365,1.0874999999999375
orbiting_disks,0.01,27.6932,2.545856658376508,26.8,2.6832815729997477,0.0016,0.09090909090909091,0.45454545454545453,1.0
orbiting_disks,0.05,38.54436,0.8163383875575099,36.8,0.44721359549995715,0.00196,0.7272727272727273,0.7272727272727273,1.2249999999999999
orbiting_disks,0.1,43.0136,1.2412861132712327,39.8,1.3038404810405289,0.0017,0.3181818181818182,0.9090909090909091,1.0625
orbiting_disks,0.2,45.2669,0.6169676044979987,41.2,1.0954451150103326,0.0017,0.3181818181818182,1.0,1.0625
orbiting_disks,0.5,39.86836,14.123388109550769,35.6,12.660963628413123,0.0017,0.3181818181818182,0.8181818181818182,1.0625
orbiting_disks,0.7,34.522000000000006,18.404011956907656,31.2,16.649324310613927,0.0018,0.6363636363636364,0.6363636363636364,1.125
orbiting_disks,1.0,30.170679999999997,16.653090926521717,27.0,14.696938456699069,0.0017,0.3181818181818182,0.5454545454545454,1.0625
orbiting_rings,0.0,1.5866,0.023538903967687215,1.0,0.0,0.0047,1.0,0.09090909090909091,3.1333333333333333
orbiting_rings,0.0005,5.0908,4.027444157278906,5.0,3.24037034920393,0.00238,0.9090909090909091,0.18181818181818182,1.5866666666666667
orbiting_rings,0.001,10.03352,4.261671199424001,9.4,3.4351128074635335,0.0018,0.36363636363636365,0.2727272727272727,1.2
orbiting_rings,0.005,21.26764,1.9231192092535498,23.4,1.6733200530681507,0.00182,0.5909090909090909,0.36363636363636365,1.2133333333333334
orbiting_rings,0.01,27.3315,2.2541812782027977,28.8,1.643167672515499,0.0015,0.09090909090909091,0.45454545454545453,1.0
orbiting_rings,0.05,40.4615,1.0338643382958894,38.2,0.8366600265340757,0.00182,0.5909090909090909,0.7272727272727273,1.2133333333333334
orbiting_rings,0.1,44.79316,0.8891146877653053,41.2,0.44721359549995815,0.0017,0.18181818181818182,0.9090909090909091,1.1333333333333333
orbiting_rings,0.2,47.40428,1.4405251844379514,43.2,1.095445115010332,0.0019,0.7727272727272727,1.0,1.2666666666666666
orbiting_rings,0.5,44.5317,6.74133250107128,40.0,6.244997998398399,0.0019,0.7727272727272727,0.8181818181818182,1.2666666666666666
orbiting_rings,0.7,37.605740000000004,15.950659458248111,33.4,14.010710188994704,0.0018,0.36363636363636365,0.6363636363636364,1.2
orbiting_rings,1.0,29.645339999999997,19.308096352126483,26.4,16.80178561939177,0.0018,0.36363636363636365,0.5454545454545454,1.2
