dataset,encoder,geo_ae_lambda,seed,latent_dim,n_test_points,encoder_path,pc1_pc2_pct,k50,k90,k95,effective_rank,participation_ratio
bouncing_disks,GeoAE,0.0,0,64,6400,models/bouncing_disks_geoae_lam0/geoae_encoders/encoder_seed0_T50_B512_H64_W64_latent64_lambda0.pt,89.3802,1.0,3.0,3.0,2.6408,1.9285
bouncing_disks,GeoAE,0.0,1,64,6400,models/bouncing_disks_geoae_lam0/geoae_encoders/encoder_seed1_T50_B512_H64_W64_latent64_lambda0.pt,83.7347,1.0,3.0,3.0,2.9895,2.2976
bouncing_disks,GeoAE,0.0,2,64,6400,models/bouncing_disks_geoae_lam0/geoae_encoders/encoder_seed2_T50_B512_H64_W64_latent64_lambda0.pt,88.6646,1.0,3.0,3.0,2.7713,2.047
bouncing_disks,GeoAE,0.0,3,64,6400,models/bouncing_disks_geoae_lam0/geoae_encoders/encoder_seed3_T50_B512_H64_W64_latent64_lambda0.pt,89.1882,1.0,3.0,3.0,2.4049,1.6692
bouncing_disks,GeoAE,0.0,4,64,6400,models/bouncing_disks_geoae_lam0/geoae_encoders/encoder_seed4_T50_B512_H64_W64_latent64_lambda0.pt,83.0891,2.0,3.0,3.0,3.3064,2.7672
bouncing_disks,GeoAE,0.0005,0,64,6400,models/bouncing_disks_geoae_lam0.0005/geoae_encoders/encoder_seed0_T50_B512_H64_W64_latent64_lambda0.0005.pt,85.3655,1.0,3.0,4.0,3.2187,2.3194
bouncing_disks,GeoAE,0.0005,1,64,6400,models/bouncing_disks_geoae_lam0.0005/geoae_encoders/encoder_seed1_T50_B512_H64_W64_latent64_lambda0.0005.pt,86.5137,1.0,3.0,3.0,2.9523,2.2827
bouncing_disks,GeoAE,0.0005,2,64,6400,models/bouncing_disks_geoae_lam0.0005/geoae_encoders/encoder_seed2_T50_B512_H64_W64_latent64_lambda0.0005.pt,58.0932,2.0,8.0,11.0,8.0859,5.06
bouncing_disks,GeoAE,0.0005,3,64,6400,models/bouncing_disks_geoae_lam0.0005/geoae_encoders/encoder_seed3_T50_B512_H64_W64_latent64_lambda0.0005.pt,85.3269,1.0,3.0,5.0,2.7321,1.7058
bouncing_disks,GeoAE,0.0005,4,64,6400,models/bouncing_disks_geoae_lam0.0005/geoae_encoders/encoder_seed4_T50_B512_H64_W64_latent64_lambda0.0005.pt,84.7648,1.0,3.0,4.0,3.3036,2.6067
bouncing_disks,GeoAE,0.001,0,64,6400,models/bouncing_disks_geoae_lam0.001/geoae_encoders/encoder_seed0_T50_B512_H64_W64_latent64_lambda0.001.pt,46.8937,3.0,9.0,13.0,10.3458,6.6628
bouncing_disks,GeoAE,0.001,1,64,6400,models/bouncing_disks_geoae_lam0.001/geoae_encoders/encoder_seed1_T50_B512_H64_W64_latent64_lambda0.001.pt,85.3145,1.0,3.0,4.0,3.2205,2.5263
bouncing_disks,GeoAE,0.001,2,64,6400,models/bouncing_disks_geoae_lam0.001/geoae_encoders/encoder_seed2_T50_B512_H64_W64_latent64_lambda0.001.pt,39.4899,4.0,11.0,16.0,12.7092,8.3873
bouncing_disks,GeoAE,0.001,3,64,6400,models/bouncing_disks_geoae_lam0.001/geoae_encoders/encoder_seed3_T50_B512_H64_W64_latent64_lambda0.001.pt,43.7017,3.0,11.0,17.0,12.1763,7.6919
bouncing_disks,GeoAE,0.001,4,64,6400,models/bouncing_disks_geoae_lam0.001/geoae_encoders/encoder_seed4_T50_B512_H64_W64_latent64_lambda0.001.pt,73.8695,2.0,4.0,5.0,4.3012,3.1586
bouncing_disks,GeoAE,0.005,0,64,6400,models/bouncing_disks_geoae_lam0.005/geoae_encoders/encoder_seed0_T50_B512_H64_W64_latent64_lambda0.005.pt,28.4679,5.0,17.0,27.0,19.478,12.9999
bouncing_disks,GeoAE,0.005,1,64,6400,models/bouncing_disks_geoae_lam0.005/geoae_encoders/encoder_seed1_T50_B512_H64_W64_latent64_lambda0.005.pt,25.7928,6.0,24.0,34.0,24.0684,15.4121
bouncing_disks,GeoAE,0.005,2,64,6400,models/bouncing_disks_geoae_lam0.005/geoae_encoders/encoder_seed2_T50_B512_H64_W64_latent64_lambda0.005.pt,24.5826,6.0,25.0,35.0,25.3879,16.6001
bouncing_disks,GeoAE,0.005,3,64,6400,models/bouncing_disks_geoae_lam0.005/geoae_encoders/encoder_seed3_T50_B512_H64_W64_latent64_lambda0.005.pt,27.2077,6.0,21.0,31.0,22.1585,14.5625
bouncing_disks,GeoAE,0.005,4,64,6400,models/bouncing_disks_geoae_lam0.005/geoae_encoders/encoder_seed4_T50_B512_H64_W64_latent64_lambda0.005.pt,27.166,5.0,17.0,27.0,19.8881,13.3898
bouncing_disks,GeoAE,0.01,0,64,6400,models/bouncing_disks_geoae_lam0.01/geoae_encoders/encoder_seed0_T50_B512_H64_W64_latent64_lambda0.01.pt,22.6781,7.0,28.0,39.0,28.3662,18.4997
bouncing_disks,GeoAE,0.01,1,64,6400,models/bouncing_disks_geoae_lam0.01/geoae_encoders/encoder_seed1_T50_B512_H64_W64_latent64_lambda0.01.pt,18.8068,8.0,30.0,40.0,31.2193,21.4234
bouncing_disks,GeoAE,0.01,2,64,6400,models/bouncing_disks_geoae_lam0.01/geoae_encoders/encoder_seed2_T50_B512_H64_W64_latent64_lambda0.01.pt,22.4657,7.0,30.0,40.0,29.8055,19.6483
bouncing_disks,GeoAE,0.01,3,64,6400,models/bouncing_disks_geoae_lam0.01/geoae_encoders/encoder_seed3_T50_B512_H64_W64_latent64_lambda0.01.pt,23.3195,7.0,27.0,37.0,27.0878,17.8214
bouncing_disks,GeoAE,0.01,4,64,6400,models/bouncing_disks_geoae_lam0.01/geoae_encoders/encoder_seed4_T50_B512_H64_W64_latent64_lambda0.01.pt,22.4913,7.0,24.0,35.0,26.1421,17.5405
bouncing_disks,GeoAE,0.05,0,64,6400,models/bouncing_disks_geoae_lam0.05/geoae_encoders/encoder_seed0_T50_B512_H64_W64_latent64_lambda0.05.pt,18.9325,10.0,36.0,45.0,36.8153,24.2689
bouncing_disks,GeoAE,0.05,1,64,6400,models/bouncing_disks_geoae_lam0.05/geoae_encoders/encoder_seed1_T50_B512_H64_W64_latent64_lambda0.05.pt,17.9324,11.0,37.0,46.0,38.4334,26.1063
bouncing_disks,GeoAE,0.05,2,64,6400,models/bouncing_disks_geoae_lam0.05/geoae_encoders/encoder_seed2_T50_B512_H64_W64_latent64_lambda0.05.pt,18.7688,9.0,37.0,46.0,37.2021,24.8192
bouncing_disks,GeoAE,0.05,3,64,6400,models/bouncing_disks_geoae_lam0.05/geoae_encoders/encoder_seed3_T50_B512_H64_W64_latent64_lambda0.05.pt,18.4784,10.0,36.0,45.0,37.113,24.9242
bouncing_disks,GeoAE,0.05,4,64,6400,models/bouncing_disks_geoae_lam0.05/geoae_encoders/encoder_seed4_T50_B512_H64_W64_latent64_lambda0.05.pt,19.3366,10.0,37.0,46.0,37.0603,24.4306
bouncing_disks,GeoAE,0.1,0,64,6400,models/bouncing_disks_geoae_lam0.1/geoae_encoders/encoder_seed0_T50_B512_H64_W64_latent64_lambda0.1.pt,22.1089,8.0,35.0,44.0,33.9113,20.9103
bouncing_disks,GeoAE,0.1,1,64,6400,models/bouncing_disks_geoae_lam0.1/geoae_encoders/encoder_seed1_T50_B512_H64_W64_latent64_lambda0.1.pt,17.5599,12.0,39.0,47.0,40.919,28.1186
bouncing_disks,GeoAE,0.1,2,64,6400,models/bouncing_disks_geoae_lam0.1/geoae_encoders/encoder_seed2_T50_B512_H64_W64_latent64_lambda0.1.pt,17.6011,11.0,39.0,48.0,40.2526,27.1484
bouncing_disks,GeoAE,0.1,3,64,6400,models/bouncing_disks_geoae_lam0.1/geoae_encoders/encoder_seed3_T50_B512_H64_W64_latent64_lambda0.1.pt,16.9382,11.0,39.0,48.0,40.6254,27.7754
bouncing_disks,GeoAE,0.1,4,64,6400,models/bouncing_disks_geoae_lam0.1/geoae_encoders/encoder_seed4_T50_B512_H64_W64_latent64_lambda0.1.pt,18.4806,10.0,38.0,47.0,38.3911,25.3178
bouncing_disks,GeoAE,0.2,0,64,6400,models/bouncing_disks_geoae_lam0.2/geoae_encoders/encoder_seed0_T50_B512_H64_W64_latent64_lambda0.2.pt,17.73,11.0,39.0,48.0,40.3917,27.1336
bouncing_disks,GeoAE,0.2,1,64,6400,models/bouncing_disks_geoae_lam0.2/geoae_encoders/encoder_seed1_T50_B512_H64_W64_latent64_lambda0.2.pt,16.8155,12.0,39.0,47.0,41.3512,29.2259
bouncing_disks,GeoAE,0.2,2,64,6400,models/bouncing_disks_geoae_lam0.2/geoae_encoders/encoder_seed2_T50_B512_H64_W64_latent64_lambda0.2.pt,18.7613,11.0,39.0,47.0,39.6409,26.1462
bouncing_disks,GeoAE,0.2,3,64,6400,models/bouncing_disks_geoae_lam0.2/geoae_encoders/encoder_seed3_T50_B512_H64_W64_latent64_lambda0.2.pt,16.1646,13.0,41.0,49.0,43.0849,29.9292
bouncing_disks,GeoAE,0.2,4,64,6400,models/bouncing_disks_geoae_lam0.2/geoae_encoders/encoder_seed4_T50_B512_H64_W64_latent64_lambda0.2.pt,16.7237,12.0,41.0,49.0,42.011,28.6098
bouncing_disks,GeoAE,0.5,0,64,6400,models/bouncing_disks_geoae_lam0.5/geoae_encoders/encoder_seed0_T50_B512_H64_W64_latent64_lambda0.5.pt,17.3248,11.0,38.0,46.0,39.5274,27.429
bouncing_disks,GeoAE,0.5,1,64,6400,models/bouncing_disks_geoae_lam0.5/geoae_encoders/encoder_seed1_T50_B512_H64_W64_latent64_lambda0.5.pt,80.1353,1.0,3.0,3.0,2.7809,2.596
bouncing_disks,GeoAE,0.5,2,64,6400,models/bouncing_disks_geoae_lam0.5/geoae_encoders/encoder_seed2_T50_B512_H64_W64_latent64_lambda0.5.pt,14.8119,12.0,36.0,44.0,39.9069,29.9489
bouncing_disks,GeoAE,0.5,3,64,6400,models/bouncing_disks_geoae_lam0.5/geoae_encoders/encoder_seed3_T50_B512_H64_W64_latent64_lambda0.5.pt,16.606,11.0,38.0,46.0,40.3858,28.095
bouncing_disks,GeoAE,0.5,4,64,6400,models/bouncing_disks_geoae_lam0.5/geoae_encoders/encoder_seed4_T50_B512_H64_W64_latent64_lambda0.5.pt,21.2309,10.0,36.0,44.0,36.0838,23.109
bouncing_disks,GeoAE,0.7,0,64,6400,models/bouncing_disks_geoae_lam0.7/geoae_encoders/encoder_seed0_T50_B512_H64_W64_latent64_lambda0.7.pt,17.0169,10.0,36.0,44.0,38.0996,26.7546
bouncing_disks,GeoAE,0.7,1,64,6400,models/bouncing_disks_geoae_lam0.7/geoae_encoders/encoder_seed1_T50_B512_H64_W64_latent64_lambda0.7.pt,,1.0,1.0,1.0,1.0,
bouncing_disks,GeoAE,0.7,2,64,6400,models/bouncing_disks_geoae_lam0.7/geoae_encoders/encoder_seed2_T50_B512_H64_W64_latent64_lambda0.7.pt,19.3999,9.0,31.0,39.0,33.3098,22.6373
bouncing_disks,GeoAE,0.7,3,64,6400,models/bouncing_disks_geoae_lam0.7/geoae_encoders/encoder_seed3_T50_B512_H64_W64_latent64_lambda0.7.pt,19.5334,9.0,35.0,44.0,35.7918,23.9037
bouncing_disks,GeoAE,0.7,4,64,6400,models/bouncing_disks_geoae_lam0.7/geoae_encoders/encoder_seed4_T50_B512_H64_W64_latent64_lambda0.7.pt,22.9204,6.0,19.0,23.0,21.5086,16.19
bouncing_disks,GeoAE,1.0,0,64,6400,models/bouncing_disks_geoae_lam1/geoae_encoders/encoder_seed0_T50_B512_H64_W64_latent64_lambda1.pt,20.9037,9.0,32.0,40.0,32.6665,21.415
bouncing_disks,GeoAE,1.0,1,64,6400,models/bouncing_disks_geoae_lam1/geoae_encoders/encoder_seed1_T50_B512_H64_W64_latent64_lambda1.pt,,1.0,1.0,1.0,1.0,
bouncing_disks,GeoAE,1.0,2,64,6400,models/bouncing_disks_geoae_lam1/geoae_encoders/encoder_seed2_T50_B512_H64_W64_latent64_lambda1.pt,19.1673,8.0,24.0,29.0,27.5452,20.8662
bouncing_disks,GeoAE,1.0,3,64,6400,models/bouncing_disks_geoae_lam1/geoae_encoders/encoder_seed3_T50_B512_H64_W64_latent64_lambda1.pt,19.9239,10.0,36.0,44.0,37.0448,24.3845
bouncing_disks,GeoAE,1.0,4,64,6400,models/bouncing_disks_geoae_lam1/geoae_encoders/encoder_seed4_T50_B512_H64_W64_latent64_lambda1.pt,100.0,1.0,2.0,2.0,1.812,1.6795
bouncing_rings,GeoAE,0.0,0,64,6400,models/bouncing_rings_geoae_lam0/geoae_encoders/encoder_seed0_T50_B512_H64_W64_latent64_lambda0.pt,93.08,1.0,2.0,3.0,1.9277,1.3995
bouncing_rings,GeoAE,0.0,1,64,6400,models/bouncing_rings_geoae_lam0/geoae_encoders/encoder_seed1_T50_B512_H64_W64_latent64_lambda0.pt,92.6546,1.0,2.0,3.0,2.0376,1.4998
bouncing_rings,GeoAE,0.0,2,64,6400,models/bouncing_rings_geoae_lam0/geoae_encoders/encoder_seed2_T50_B512_H64_W64_latent64_lambda0.pt,93.7882,1.0,2.0,3.0,1.7219,1.2762
bouncing_rings,GeoAE,0.0,3,64,6400,models/bouncing_rings_geoae_lam0/geoae_encoders/encoder_seed3_T50_B512_H64_W64_latent64_lambda0.pt,93.7417,1.0,2.0,3.0,1.7219,1.2704
bouncing_rings,GeoAE,0.0,4,64,6400,models/bouncing_rings_geoae_lam0/geoae_encoders/encoder_seed4_T50_B512_H64_W64_latent64_lambda0.pt,92.7816,1.0,2.0,3.0,1.9593,1.4134
bouncing_rings,GeoAE,0.0005,0,64,6400,models/bouncing_rings_geoae_lam0.0005/geoae_encoders/encoder_seed0_T50_B512_H64_W64_latent64_lambda0.0005.pt,84.0699,1.0,3.0,5.0,3.0923,1.9486
bouncing_rings,GeoAE,0.0005,1,64,6400,models/bouncing_rings_geoae_lam0.0005/geoae_encoders/encoder_seed1_T50_B512_H64_W64_latent64_lambda0.0005.pt,91.5358,1.0,2.0,3.0,2.2008,1.5866
bouncing_rings,GeoAE,0.0005,2,64,6400,models/bouncing_rings_geoae_lam0.0005/geoae_encoders/encoder_seed2_T50_B512_H64_W64_latent64_lambda0.0005.pt,77.1884,1.0,5.0,9.0,4.531,2.511
bouncing_rings,GeoAE,0.0005,3,64,6400,models/bouncing_rings_geoae_lam0.0005/geoae_encoders/encoder_seed3_T50_B512_H64_W64_latent64_lambda0.0005.pt,87.6947,1.0,3.0,5.0,2.2731,1.4712
bouncing_rings,GeoAE,0.0005,4,64,6400,models/bouncing_rings_geoae_lam0.0005/geoae_encoders/encoder_seed4_T50_B512_H64_W64_latent64_lambda0.0005.pt,91.2177,1.0,2.0,3.0,2.038,1.4219
bouncing_rings,GeoAE,0.001,0,64,6400,models/bouncing_rings_geoae_lam0.001/geoae_encoders/encoder_seed0_T50_B512_H64_W64_latent64_lambda0.001.pt,49.2472,3.0,10.0,17.0,10.7109,6.3411
bouncing_rings,GeoAE,0.001,1,64,6400,models/bouncing_rings_geoae_lam0.001/geoae_encoders/encoder_seed1_T50_B512_H64_W64_latent64_lambda0.001.pt,86.5871,1.0,3.0,4.0,2.6485,1.8156
bouncing_rings,GeoAE,0.001,2,64,6400,models/bouncing_rings_geoae_lam0.001/geoae_encoders/encoder_seed2_T50_B512_H64_W64_latent64_lambda0.001.pt,44.1877,3.0,10.0,17.0,11.6601,7.2018
bouncing_rings,GeoAE,0.001,3,64,6400,models/bouncing_rings_geoae_lam0.001/geoae_encoders/encoder_seed3_T50_B512_H64_W64_latent64_lambda0.001.pt,47.7177,3.0,11.0,19.0,11.2946,6.5863
bouncing_rings,GeoAE,0.001,4,64,6400,models/bouncing_rings_geoae_lam0.001/geoae_encoders/encoder_seed4_T50_B512_H64_W64_latent64_lambda0.001.pt,86.0912,1.0,3.0,5.0,2.699,1.7212
bouncing_rings,GeoAE,0.005,0,64,6400,models/bouncing_rings_geoae_lam0.005/geoae_encoders/encoder_seed0_T50_B512_H64_W64_latent64_lambda0.005.pt,25.5261,6.0,27.0,38.0,25.9483,16.3166
bouncing_rings,GeoAE,0.005,1,64,6400,models/bouncing_rings_geoae_lam0.005/geoae_encoders/encoder_seed1_T50_B512_H64_W64_latent64_lambda0.005.pt,30.0132,5.0,25.0,36.0,23.1135,13.7187
bouncing_rings,GeoAE,0.005,2,64,6400,models/bouncing_rings_geoae_lam0.005/geoae_encoders/encoder_seed2_T50_B512_H64_W64_latent64_lambda0.005.pt,23.1791,7.0,26.0,37.0,26.3801,17.4994
bouncing_rings,GeoAE,0.005,3,64,6400,models/bouncing_rings_geoae_lam0.005/geoae_encoders/encoder_seed3_T50_B512_H64_W64_latent64_lambda0.005.pt,32.2113,5.0,21.0,32.0,20.3258,12.0643
bouncing_rings,GeoAE,0.005,4,64,6400,models/bouncing_rings_geoae_lam0.005/geoae_encoders/encoder_seed4_T50_B512_H64_W64_latent64_lambda0.005.pt,28.5633,5.0,21.0,31.0,21.1247,13.5745
bouncing_rings,GeoAE,0.01,0,64,6400,models/bouncing_rings_geoae_lam0.01/geoae_encoders/encoder_seed0_T50_B512_H64_W64_latent64_lambda0.01.pt,25.3847,7.0,30.0,41.0,28.7077,17.6666
bouncing_rings,GeoAE,0.01,1,64,6400,models/bouncing_rings_geoae_lam0.01/geoae_encoders/encoder_seed1_T50_B512_H64_W64_latent64_lambda0.01.pt,19.4472,8.0,32.0,42.0,32.2394,21.9111
bouncing_rings,GeoAE,0.01,2,64,6400,models/bouncing_rings_geoae_lam0.01/geoae_encoders/encoder_seed2_T50_B512_H64_W64_latent64_lambda0.01.pt,26.7313,7.0,29.0,39.0,27.4006,16.4406
bouncing_rings,GeoAE,0.01,3,64,6400,models/bouncing_rings_geoae_lam0.01/geoae_encoders/encoder_seed3_T50_B512_H64_W64_latent64_lambda0.01.pt,27.8416,6.0,27.0,38.0,25.104,14.9563
bouncing_rings,GeoAE,0.01,4,64,6400,models/bouncing_rings_geoae_lam0.01/geoae_encoders/encoder_seed4_T50_B512_H64_W64_latent64_lambda0.01.pt,20.5503,8.0,29.0,39.0,30.3124,20.5311
bouncing_rings,GeoAE,0.05,0,64,6400,models/bouncing_rings_geoae_lam0.05/geoae_encoders/encoder_seed0_T50_B512_H64_W64_latent64_lambda0.05.pt,18.1124,11.0,38.0,46.0,39.3436,26.842
bouncing_rings,GeoAE,0.05,1,64,6400,models/bouncing_rings_geoae_lam0.05/geoae_encoders/encoder_seed1_T50_B512_H64_W64_latent64_lambda0.05.pt,17.2642,11.0,38.0,47.0,40.1669,28.3132
bouncing_rings,GeoAE,0.05,2,64,6400,models/bouncing_rings_geoae_lam0.05/geoae_encoders/encoder_seed2_T50_B512_H64_W64_latent64_lambda0.05.pt,17.8264,11.0,39.0,47.0,40.5115,28.2611
bouncing_rings,GeoAE,0.05,3,64,6400,models/bouncing_rings_geoae_lam0.05/geoae_encoders/encoder_seed3_T50_B512_H64_W64_latent64_lambda0.05.pt,17.9521,11.0,39.0,47.0,40.1007,27.4817
bouncing_rings,GeoAE,0.05,4,64,6400,models/bouncing_rings_geoae_lam0.05/geoae_encoders/encoder_seed4_T50_B512_H64_W64_latent64_lambda0.05.pt,19.2956,10.0,37.0,46.0,38.4321,25.921
bouncing_rings,GeoAE,0.1,0,64,6400,models/bouncing_rings_geoae_lam0.1/geoae_encoders/encoder_seed0_T50_B512_H64_W64_latent64_lambda0.1.pt,16.8647,12.0,40.0,48.0,42.1438,29.8179
bouncing_rings,GeoAE,0.1,1,64,6400,models/bouncing_rings_geoae_lam0.1/geoae_encoders/encoder_seed1_T50_B512_H64_W64_latent64_lambda0.1.pt,14.7445,13.0,41.0,49.0,44.4105,32.754
bouncing_rings,GeoAE,0.1,2,64,6400,models/bouncing_rings_geoae_lam0.1/geoae_encoders/encoder_seed2_T50_B512_H64_W64_latent64_lambda0.1.pt,15.6017,13.0,41.0,49.0,43.6887,31.5058
bouncing_rings,GeoAE,0.1,3,64,6400,models/bouncing_rings_geoae_lam0.1/geoae_encoders/encoder_seed3_T50_B512_H64_W64_latent64_lambda0.1.pt,16.4542,13.0,42.0,50.0,43.7525,30.5326
bouncing_rings,GeoAE,0.1,4,64,6400,models/bouncing_rings_geoae_lam0.1/geoae_encoders/encoder_seed4_T50_B512_H64_W64_latent64_lambda0.1.pt,17.1411,12.0,40.0,48.0,41.5436,28.8217
bouncing_rings,GeoAE,0.2,0,64,6400,models/bouncing_rings_geoae_lam0.2/geoae_encoders/encoder_seed0_T50_B512_H64_W64_latent64_lambda0.2.pt,16.309,13.0,42.0,50.0,44.1196,31.3356
bouncing_rings,GeoAE,0.2,1,64,6400,models/bouncing_rings_geoae_lam0.2/geoae_encoders/encoder_seed1_T50_B512_H64_W64_latent64_lambda0.2.pt,15.075,14.0,42.0,49.0,44.9451,32.73
bouncing_rings,GeoAE,0.2,2,64,6400,models/bouncing_rings_geoae_lam0.2/geoae_encoders/encoder_seed2_T50_B512_H64_W64_latent64_lambda0.2.pt,14.2435,13.0,40.0,48.0,43.4157,32.5759
bouncing_rings,GeoAE,0.2,3,64,6400,models/bouncing_rings_geoae_lam0.2/geoae_encoders/encoder_seed3_T50_B512_H64_W64_latent64_lambda0.2.pt,16.3339,14.0,43.0,51.0,45.116,31.753
bouncing_rings,GeoAE,0.2,4,64,6400,models/bouncing_rings_geoae_lam0.2/geoae_encoders/encoder_seed4_T50_B512_H64_W64_latent64_lambda0.2.pt,15.7805,13.0,41.0,49.0,43.9575,31.358
bouncing_rings,GeoAE,0.5,0,64,6400,models/bouncing_rings_geoae_lam0.5/geoae_encoders/encoder_seed0_T50_B512_H64_W64_latent64_lambda0.5.pt,16.5162,12.0,41.0,49.0,42.1995,29.744
bouncing_rings,GeoAE,0.5,1,64,6400,models/bouncing_rings_geoae_lam0.5/geoae_encoders/encoder_seed1_T50_B512_H64_W64_latent64_lambda0.5.pt,100.0,1.0,1.0,1.0,1.0,1.0
bouncing_rings,GeoAE,0.5,2,64,6400,models/bouncing_rings_geoae_lam0.5/geoae_encoders/encoder_seed2_T50_B512_H64_W64_latent64_lambda0.5.pt,16.5283,12.0,37.0,45.0,40.4127,28.7847
bouncing_rings,GeoAE,0.5,3,64,6400,models/bouncing_rings_geoae_lam0.5/geoae_encoders/encoder_seed3_T50_B512_H64_W64_latent64_lambda0.5.pt,16.7962,13.0,42.0,49.0,43.458,29.6459
bouncing_rings,GeoAE,0.5,4,64,6400,models/bouncing_rings_geoae_lam0.5/geoae_encoders/encoder_seed4_T50_B512_H64_W64_latent64_lambda0.5.pt,18.2674,12.0,40.0,48.0,40.9765,27.172
bouncing_rings,GeoAE,0.7,0,64,6400,models/bouncing_rings_geoae_lam0.7/geoae_encoders/encoder_seed0_T50_B512_H64_W64_latent64_lambda0.7.pt,18.5798,10.0,33.0,41.0,35.7812,25.047
bouncing_rings,GeoAE,0.7,1,64,6400,models/bouncing_rings_geoae_lam0.7/geoae_encoders/encoder_seed1_T50_B512_H64_W64_latent64_lambda0.7.pt,100.0,1.0,2.0,2.0,1.7333,1.572
bouncing_rings,GeoAE,0.7,2,64,6400,models/bouncing_rings_geoae_lam0.7/geoae_encoders/encoder_seed2_T50_B512_H64_W64_latent64_lambda0.7.pt,19.8957,10.0,34.0,41.0,35.3887,23.1575
bouncing_rings,GeoAE,0.7,3,64,6400,models/bouncing_rings_geoae_lam0.7/geoae_encoders/encoder_seed3_T50_B512_H64_W64_latent64_lambda0.7.pt,16.6779,12.0,39.0,47.0,41.6263,29.4623
bouncing_rings,GeoAE,0.7,4,64,6400,models/bouncing_rings_geoae_lam0.7/geoae_encoders/encoder_seed4_T50_B512_H64_W64_latent64_lambda0.7.pt,20.5926,7.0,20.0,25.0,23.6965,18.0607
bouncing_rings,GeoAE,1.0,0,64,6400,models/bouncing_rings_geoae_lam1/geoae_encoders/encoder_seed0_T50_B512_H64_W64_latent64_lambda1.pt,16.6957,10.0,30.0,37.0,33.948,25.2933
bouncing_rings,GeoAE,1.0,1,64,6400,models/bouncing_rings_geoae_lam1/geoae_encoders/encoder_seed1_T50_B512_H64_W64_latent64_lambda1.pt,,1.0,1.0,1.0,1.0,
bouncing_rings,GeoAE,1.0,2,64,6400,models/bouncing_rings_geoae_lam1/geoae_encoders/encoder_seed2_T50_B512_H64_W64_latent64_lambda1.pt,18.9229,9.0,32.0,39.0,34.1673,23.4536
bouncing_rings,GeoAE,1.0,3,64,6400,models/bouncing_rings_geoae_lam1/geoae_encoders/encoder_seed3_T50_B512_H64_W64_latent64_lambda1.pt,16.5562,12.0,37.0,44.0,39.9599,28.8772
bouncing_rings,GeoAE,1.0,4,64,6400,models/bouncing_rings_geoae_lam1/geoae_encoders/encoder_seed4_T50_B512_H64_W64_latent64_lambda1.pt,,1.0,1.0,1.0,1.0,
electric_devices,GeoAE,0.0,0,64,49152,models/electric_devices_geoae_lam0/geoae_encoders/encoder_seed0_T96_B1024_H32_W32_latent64_lambda0.pt,99.1909,1.0,1.0,1.0,1.1784,1.0604
electric_devices,GeoAE,0.0,1,64,49152,models/electric_devices_geoae_lam0/geoae_encoders/encoder_seed1_T96_B1024_H32_W32_latent64_lambda0.pt,99.2766,1.0,1.0,1.0,1.0995,1.0277
electric_devices,GeoAE,0.0,2,64,49152,models/electric_devices_geoae_lam0/geoae_encoders/encoder_seed2_T96_B1024_H32_W32_latent64_lambda0.pt,99.5469,1.0,2.0,2.0,2.0445,1.9672
electric_devices,GeoAE,0.0,3,64,49152,models/electric_devices_geoae_lam0/geoae_encoders/encoder_seed3_T96_B1024_H32_W32_latent64_lambda0.pt,99.1176,1.0,2.0,2.0,1.684,1.4206
electric_devices,GeoAE,0.0,4,64,49152,models/electric_devices_geoae_lam0/geoae_encoders/encoder_seed4_T96_B1024_H32_W32_latent64_lambda0.pt,98.8613,1.0,2.0,2.0,1.5842,1.3198
electric_devices,GeoAE,0.0005,0,64,49152,models/electric_devices_geoae_lam0.0005/geoae_encoders/encoder_seed0_T96_B1024_H32_W32_latent64_lambda0.0005.pt,85.4991,2.0,3.0,4.0,3.632,2.6414
electric_devices,GeoAE,0.0005,1,64,49152,models/electric_devices_geoae_lam0.0005/geoae_encoders/encoder_seed1_T96_B1024_H32_W32_latent64_lambda0.0005.pt,99.3575,1.0,2.0,2.0,1.9669,1.796
electric_devices,GeoAE,0.0005,2,64,49152,models/electric_devices_geoae_lam0.0005/geoae_encoders/encoder_seed2_T96_B1024_H32_W32_latent64_lambda0.0005.pt,99.0635,1.0,2.0,2.0,1.7157,1.4481
electric_devices,GeoAE,0.0005,3,64,49152,models/electric_devices_geoae_lam0.0005/geoae_encoders/encoder_seed3_T96_B1024_H32_W32_latent64_lambda0.0005.pt,97.5479,1.0,2.0,2.0,1.9094,1.5295
electric_devices,GeoAE,0.0005,4,64,49152,models/electric_devices_geoae_lam0.0005/geoae_encoders/encoder_seed4_T96_B1024_H32_W32_latent64_lambda0.0005.pt,98.6502,1.0,2.0,2.0,1.6225,1.3229
electric_devices,GeoAE,0.001,0,64,49152,models/electric_devices_geoae_lam0.001/geoae_encoders/encoder_seed0_T96_B1024_H32_W32_latent64_lambda0.001.pt,70.989,2.0,6.0,11.0,5.7084,3.2954
electric_devices,GeoAE,0.001,1,64,49152,models/electric_devices_geoae_lam0.001/geoae_encoders/encoder_seed1_T96_B1024_H32_W32_latent64_lambda0.001.pt,99.0902,1.0,2.0,2.0,1.6294,1.3637
electric_devices,GeoAE,0.001,2,64,49152,models/electric_devices_geoae_lam0.001/geoae_encoders/encoder_seed2_T96_B1024_H32_W32_latent64_lambda0.001.pt,68.312,2.0,6.0,10.0,6.2032,3.848
electric_devices,GeoAE,0.001,3,64,49152,models/electric_devices_geoae_lam0.001/geoae_encoders/encoder_seed3_T96_B1024_H32_W32_latent64_lambda0.001.pt,85.3602,1.0,3.0,5.0,3.5716,2.611
electric_devices,GeoAE,0.001,4,64,49152,models/electric_devices_geoae_lam0.001/geoae_encoders/encoder_seed4_T96_B1024_H32_W32_latent64_lambda0.001.pt,91.6207,1.0,2.0,3.0,2.9683,2.2866
electric_devices,GeoAE,0.005,0,64,49152,models/electric_devices_geoae_lam0.005/geoae_encoders/encoder_seed0_T96_B1024_H32_W32_latent64_lambda0.005.pt,35.5624,4.0,18.0,28.0,17.0245,9.9281
electric_devices,GeoAE,0.005,1,64,49152,models/electric_devices_geoae_lam0.005/geoae_encoders/encoder_seed1_T96_B1024_H32_W32_latent64_lambda0.005.pt,43.4793,3.0,17.0,26.0,14.1786,7.8183
electric_devices,GeoAE,0.005,2,64,49152,models/electric_devices_geoae_lam0.005/geoae_encoders/encoder_seed2_T96_B1024_H32_W32_latent64_lambda0.005.pt,37.3685,3.0,14.0,23.0,14.3827,8.8636
electric_devices,GeoAE,0.005,3,64,49152,models/electric_devices_geoae_lam0.005/geoae_encoders/encoder_seed3_T96_B1024_H32_W32_latent64_lambda0.005.pt,41.2364,3.0,18.0,29.0,15.1315,8.344
electric_devices,GeoAE,0.005,4,64,49152,models/electric_devices_geoae_lam0.005/geoae_encoders/encoder_seed4_T96_B1024_H32_W32_latent64_lambda0.005.pt,48.5077,3.0,13.0,22.0,11.335,6.0258
electric_devices,GeoAE,0.01,0,64,49152,models/electric_devices_geoae_lam0.01/geoae_encoders/encoder_seed0_T96_B1024_H32_W32_latent64_lambda0.01.pt,30.1155,5.0,24.0,35.0,21.8285,12.5816
electric_devices,GeoAE,0.01,1,64,49152,models/electric_devices_geoae_lam0.01/geoae_encoders/encoder_seed1_T96_B1024_H32_W32_latent64_lambda0.01.pt,35.8941,4.0,23.0,33.0,19.0982,10.5415
electric_devices,GeoAE,0.01,2,64,49152,models/electric_devices_geoae_lam0.01/geoae_encoders/encoder_seed2_T96_B1024_H32_W32_latent64_lambda0.01.pt,38.8266,3.0,19.0,29.0,16.5478,9.0365
electric_devices,GeoAE,0.01,3,64,49152,models/electric_devices_geoae_lam0.01/geoae_encoders/encoder_seed3_T96_B1024_H32_W32_latent64_lambda0.01.pt,35.9191,4.0,24.0,34.0,19.5788,10.5624
electric_devices,GeoAE,0.01,4,64,49152,models/electric_devices_geoae_lam0.01/geoae_encoders/encoder_seed4_T96_B1024_H32_W32_latent64_lambda0.01.pt,37.0248,3.0,20.0,30.0,17.2156,9.4881
electric_devices,GeoAE,0.05,0,64,49152,models/electric_devices_geoae_lam0.05/geoae_encoders/encoder_seed0_T96_B1024_H32_W32_latent64_lambda0.05.pt,29.8621,6.0,30.0,39.0,26.5377,14.8967
electric_devices,GeoAE,0.05,1,64,49152,models/electric_devices_geoae_lam0.05/geoae_encoders/encoder_seed1_T96_B1024_H32_W32_latent64_lambda0.05.pt,26.2721,6.0,31.0,41.0,28.7018,16.6561
electric_devices,GeoAE,0.05,2,64,49152,models/electric_devices_geoae_lam0.05/geoae_encoders/encoder_seed2_T96_B1024_H32_W32_latent64_lambda0.05.pt,33.7289,5.0,29.0,39.0,24.3085,12.8021
electric_devices,GeoAE,0.05,3,64,49152,models/electric_devices_geoae_lam0.05/geoae_encoders/encoder_seed3_T96_B1024_H32_W32_latent64_lambda0.05.pt,26.1236,6.0,30.0,40.0,27.7024,16.4439
electric_devices,GeoAE,0.05,4,64,49152,models/electric_devices_geoae_lam0.05/geoae_encoders/encoder_seed4_T96_B1024_H32_W32_latent64_lambda0.05.pt,27.0592,6.0,29.0,39.0,26.9582,16.0023
electric_devices,GeoAE,0.1,0,64,49152,models/electric_devices_geoae_lam0.1/geoae_encoders/encoder_seed0_T96_B1024_H32_W32_latent64_lambda0.1.pt,26.5477,6.0,31.0,41.0,28.8234,17.0748
electric_devices,GeoAE,0.1,1,64,49152,models/electric_devices_geoae_lam0.1/geoae_encoders/encoder_seed1_T96_B1024_H32_W32_latent64_lambda0.1.pt,23.304,8.0,34.0,43.0,32.6068,20.1872
electric_devices,GeoAE,0.1,2,64,49152,models/electric_devices_geoae_lam0.1/geoae_encoders/encoder_seed2_T96_B1024_H32_W32_latent64_lambda0.1.pt,29.6959,6.0,32.0,42.0,27.8208,15.3713
electric_devices,GeoAE,0.1,3,64,49152,models/electric_devices_geoae_lam0.1/geoae_encoders/encoder_seed3_T96_B1024_H32_W32_latent64_lambda0.1.pt,26.3479,7.0,32.0,41.0,29.2114,17.3163
electric_devices,GeoAE,0.1,4,64,49152,models/electric_devices_geoae_lam0.1/geoae_encoders/encoder_seed4_T96_B1024_H32_W32_latent64_lambda0.1.pt,27.5737,6.0,31.0,40.0,28.0092,16.2736
electric_devices,GeoAE,0.2,0,64,49152,models/electric_devices_geoae_lam0.2/geoae_encoders/encoder_seed0_T96_B1024_H32_W32_latent64_lambda0.2.pt,27.3257,7.0,33.0,42.0,30.1692,17.4581
electric_devices,GeoAE,0.2,1,64,49152,models/electric_devices_geoae_lam0.2/geoae_encoders/encoder_seed1_T96_B1024_H32_W32_latent64_lambda0.2.pt,23.9055,8.0,34.0,43.0,32.8875,20.2343
electric_devices,GeoAE,0.2,2,64,49152,models/electric_devices_geoae_lam0.2/geoae_encoders/encoder_seed2_T96_B1024_H32_W32_latent64_lambda0.2.pt,27.8693,7.0,34.0,43.0,30.8447,17.6018
electric_devices,GeoAE,0.2,3,64,49152,models/electric_devices_geoae_lam0.2/geoae_encoders/encoder_seed3_T96_B1024_H32_W32_latent64_lambda0.2.pt,27.0808,7.0,32.0,41.0,29.5215,17.2867
electric_devices,GeoAE,0.2,4,64,49152,models/electric_devices_geoae_lam0.2/geoae_encoders/encoder_seed4_T96_B1024_H32_W32_latent64_lambda0.2.pt,25.3381,7.0,33.0,42.0,30.0876,17.8587
electric_devices,GeoAE,0.5,0,64,49152,models/electric_devices_geoae_lam0.5/geoae_encoders/encoder_seed0_T96_B1024_H32_W32_latent64_lambda0.5.pt,26.9918,7.0,33.0,42.0,30.1722,17.235
electric_devices,GeoAE,0.5,1,64,49152,models/electric_devices_geoae_lam0.5/geoae_encoders/encoder_seed1_T96_B1024_H32_W32_latent64_lambda0.5.pt,27.6963,7.0,30.0,38.0,27.8391,16.4272
electric_devices,GeoAE,0.5,2,64,49152,models/electric_devices_geoae_lam0.5/geoae_encoders/encoder_seed2_T96_B1024_H32_W32_latent64_lambda0.5.pt,28.1801,7.0,33.0,42.0,30.5175,17.0775
electric_devices,GeoAE,0.5,3,64,49152,models/electric_devices_geoae_lam0.5/geoae_encoders/encoder_seed3_T96_B1024_H32_W32_latent64_lambda0.5.pt,31.2883,7.0,33.0,42.0,28.48,14.8908
electric_devices,GeoAE,0.5,4,64,49152,models/electric_devices_geoae_lam0.5/geoae_encoders/encoder_seed4_T96_B1024_H32_W32_latent64_lambda0.5.pt,28.4144,6.0,33.0,43.0,29.4066,16.2923
electric_devices,GeoAE,0.7,0,64,49152,models/electric_devices_geoae_lam0.7/geoae_encoders/encoder_seed0_T96_B1024_H32_W32_latent64_lambda0.7.pt,26.784,7.0,34.0,43.0,30.5956,17.5309
electric_devices,GeoAE,0.7,1,64,49152,models/electric_devices_geoae_lam0.7/geoae_encoders/encoder_seed1_T96_B1024_H32_W32_latent64_lambda0.7.pt,33.3677,5.0,24.0,32.0,22.1327,12.345
electric_devices,GeoAE,0.7,2,64,49152,models/electric_devices_geoae_lam0.7/geoae_encoders/encoder_seed2_T96_B1024_H32_W32_latent64_lambda0.7.pt,26.8535,7.0,33.0,42.0,30.4535,17.441
electric_devices,GeoAE,0.7,3,64,49152,models/electric_devices_geoae_lam0.7/geoae_encoders/encoder_seed3_T96_B1024_H32_W32_latent64_lambda0.7.pt,29.3688,8.0,35.0,44.0,30.9473,16.4002
electric_devices,GeoAE,0.7,4,64,49152,models/electric_devices_geoae_lam0.7/geoae_encoders/encoder_seed4_T96_B1024_H32_W32_latent64_lambda0.7.pt,27.8077,7.0,34.0,44.0,30.5377,16.8493
electric_devices,GeoAE,1.0,0,64,49152,models/electric_devices_geoae_lam1/geoae_encoders/encoder_seed0_T96_B1024_H32_W32_latent64_lambda1.pt,28.7294,7.0,33.0,42.0,29.5785,16.3752
electric_devices,GeoAE,1.0,1,64,49152,models/electric_devices_geoae_lam1/geoae_encoders/encoder_seed1_T96_B1024_H32_W32_latent64_lambda1.pt,30.0287,5.0,25.0,33.0,22.6568,13.3103
electric_devices,GeoAE,1.0,2,64,49152,models/electric_devices_geoae_lam1/geoae_encoders/encoder_seed2_T96_B1024_H32_W32_latent64_lambda1.pt,26.6418,8.0,34.0,43.0,31.5666,18.1702
electric_devices,GeoAE,1.0,3,64,49152,models/electric_devices_geoae_lam1/geoae_encoders/encoder_seed3_T96_B1024_H32_W32_latent64_lambda1.pt,27.5847,7.0,32.0,41.0,29.1695,16.7949
electric_devices,GeoAE,1.0,4,64,49152,models/electric_devices_geoae_lam1/geoae_encoders/encoder_seed4_T96_B1024_H32_W32_latent64_lambda1.pt,25.4036,8.0,34.0,43.0,31.3798,18.2531
glioblastoma,GeoAE,0.0,0,128,3200,models/glioblastoma_geoae_lam0/geoae_encoders/encoder_seed0_T50_B128_H64_W64_latent128_lambda0.pt,65.6505,2.0,10.0,18.0,7.5036,3.5382
glioblastoma,GeoAE,0.0,1,128,3200,models/glioblastoma_geoae_lam0/geoae_encoders/encoder_seed1_T50_B128_H64_W64_latent128_lambda0.pt,62.8682,2.0,12.0,20.0,8.0393,3.7015
glioblastoma,GeoAE,0.0,2,128,3200,models/glioblastoma_geoae_lam0/geoae_encoders/encoder_seed2_T50_B128_H64_W64_latent128_lambda0.pt,49.4097,3.0,17.0,26.0,13.6472,6.4217
glioblastoma,GeoAE,0.0,3,128,3200,models/glioblastoma_geoae_lam0/geoae_encoders/encoder_seed3_T50_B128_H64_W64_latent128_lambda0.pt,57.7315,2.0,15.0,24.0,10.0873,4.4399
glioblastoma,GeoAE,0.0,4,128,3200,models/glioblastoma_geoae_lam0/geoae_encoders/encoder_seed4_T50_B128_H64_W64_latent128_lambda0.pt,58.2399,2.0,14.0,23.0,9.5159,4.2536
glioblastoma,GeoAE,0.0005,0,128,3200,models/glioblastoma_geoae_lam0.0005/geoae_encoders/encoder_seed0_T50_B128_H64_W64_latent128_lambda0.0005.pt,26.8618,6.0,27.0,36.0,26.9017,16.2631
glioblastoma,GeoAE,0.0005,1,128,3200,models/glioblastoma_geoae_lam0.0005/geoae_encoders/encoder_seed1_T50_B128_H64_W64_latent128_lambda0.0005.pt,27.0577,6.0,26.0,36.0,26.052,15.6181
glioblastoma,GeoAE,0.0005,2,128,3200,models/glioblastoma_geoae_lam0.0005/geoae_encoders/encoder_seed2_T50_B128_H64_W64_latent128_lambda0.0005.pt,25.7278,6.0,26.0,35.0,26.7153,16.6019
glioblastoma,GeoAE,0.0005,3,128,3200,models/glioblastoma_geoae_lam0.0005/geoae_encoders/encoder_seed3_T50_B128_H64_W64_latent128_lambda0.0005.pt,24.9634,7.0,28.0,38.0,28.5855,17.5838
glioblastoma,GeoAE,0.0005,4,128,3200,models/glioblastoma_geoae_lam0.0005/geoae_encoders/encoder_seed4_T50_B128_H64_W64_latent128_lambda0.0005.pt,21.0461,7.0,28.0,37.0,29.3589,19.3203
glioblastoma,GeoAE,0.001,0,128,3200,models/glioblastoma_geoae_lam0.001/geoae_encoders/encoder_seed0_T50_B128_H64_W64_latent128_lambda0.001.pt,25.3067,7.0,28.0,38.0,28.5994,17.6537
glioblastoma,GeoAE,0.001,1,128,3200,models/glioblastoma_geoae_lam0.001/geoae_encoders/encoder_seed1_T50_B128_H64_W64_latent128_lambda0.001.pt,26.2621,6.0,27.0,37.0,26.955,16.23
glioblastoma,GeoAE,0.001,2,128,3200,models/glioblastoma_geoae_lam0.001/geoae_encoders/encoder_seed2_T50_B128_H64_W64_latent128_lambda0.001.pt,26.2949,6.0,24.0,33.0,25.1111,15.7724
glioblastoma,GeoAE,0.001,3,128,3200,models/glioblastoma_geoae_lam0.001/geoae_encoders/encoder_seed3_T50_B128_H64_W64_latent128_lambda0.001.pt,25.4628,7.0,28.0,38.0,28.3602,17.3185
glioblastoma,GeoAE,0.001,4,128,3200,models/glioblastoma_geoae_lam0.001/geoae_encoders/encoder_seed4_T50_B128_H64_W64_latent128_lambda0.001.pt,22.1342,7.0,28.0,38.0,28.5228,18.2262
glioblastoma,GeoAE,0.005,0,128,3200,models/glioblastoma_geoae_lam0.005/geoae_encoders/encoder_seed0_T50_B128_H64_W64_latent128_lambda0.005.pt,22.9692,7.0,29.0,39.0,30.4413,19.1325
glioblastoma,GeoAE,0.005,1,128,3200,models/glioblastoma_geoae_lam0.005/geoae_encoders/encoder_seed1_T50_B128_H64_W64_latent128_lambda0.005.pt,21.6213,7.0,28.0,38.0,29.6372,19.0617
glioblastoma,GeoAE,0.005,2,128,3200,models/glioblastoma_geoae_lam0.005/geoae_encoders/encoder_seed2_T50_B128_H64_W64_latent128_lambda0.005.pt,24.0236,7.0,26.0,36.0,27.4963,17.5817
glioblastoma,GeoAE,0.005,3,128,3200,models/glioblastoma_geoae_lam0.005/geoae_encoders/encoder_seed3_T50_B128_H64_W64_latent128_lambda0.005.pt,21.7718,7.0,28.0,38.0,29.856,19.3718
glioblastoma,GeoAE,0.005,4,128,3200,models/glioblastoma_geoae_lam0.005/geoae_encoders/encoder_seed4_T50_B128_H64_W64_latent128_lambda0.005.pt,21.5387,7.0,29.0,39.0,30.5345,19.5982
glioblastoma,GeoAE,0.01,0,128,3200,models/glioblastoma_geoae_lam0.01/geoae_encoders/encoder_seed0_T50_B128_H64_W64_latent128_lambda0.01.pt,26.631,7.0,28.0,37.0,28.4024,17.027
glioblastoma,GeoAE,0.01,1,128,3200,models/glioblastoma_geoae_lam0.01/geoae_encoders/encoder_seed1_T50_B128_H64_W64_latent128_lambda0.01.pt,20.9744,7.0,28.0,37.0,29.7609,19.7531
glioblastoma,GeoAE,0.01,2,128,3200,models/glioblastoma_geoae_lam0.01/geoae_encoders/encoder_seed2_T50_B128_H64_W64_latent128_lambda0.01.pt,24.8631,7.0,26.0,35.0,26.9805,17.1171
glioblastoma,GeoAE,0.01,3,128,3200,models/glioblastoma_geoae_lam0.01/geoae_encoders/encoder_seed3_T50_B128_H64_W64_latent128_lambda0.01.pt,22.8789,7.0,28.0,37.0,28.3187,18.0368
glioblastoma,GeoAE,0.01,4,128,3200,models/glioblastoma_geoae_lam0.01/geoae_encoders/encoder_seed4_T50_B128_H64_W64_latent128_lambda0.01.pt,21.3871,7.0,29.0,39.0,30.0893,19.5013
glioblastoma,GeoAE,0.05,0,128,3200,models/glioblastoma_geoae_lam0.05/geoae_encoders/encoder_seed0_T50_B128_H64_W64_latent128_lambda0.05.pt,27.762,6.0,27.0,37.0,26.8471,15.8985
glioblastoma,GeoAE,0.05,1,128,3200,models/glioblastoma_geoae_lam0.05/geoae_encoders/encoder_seed1_T50_B128_H64_W64_latent128_lambda0.05.pt,22.0743,7.0,26.0,34.0,28.0728,18.7795
glioblastoma,GeoAE,0.05,2,128,3200,models/glioblastoma_geoae_lam0.05/geoae_encoders/encoder_seed2_T50_B128_H64_W64_latent128_lambda0.05.pt,26.5074,6.0,25.0,34.0,24.7358,15.3572
glioblastoma,GeoAE,0.05,3,128,3200,models/glioblastoma_geoae_lam0.05/geoae_encoders/encoder_seed3_T50_B128_H64_W64_latent128_lambda0.05.pt,23.0356,7.0,29.0,39.0,29.843,18.8981
glioblastoma,GeoAE,0.05,4,128,3200,models/glioblastoma_geoae_lam0.05/geoae_encoders/encoder_seed4_T50_B128_H64_W64_latent128_lambda0.05.pt,22.143,7.0,29.0,39.0,30.7129,19.5839
glioblastoma,GeoAE,0.1,0,128,3200,models/glioblastoma_geoae_lam0.1/geoae_encoders/encoder_seed0_T50_B128_H64_W64_latent128_lambda0.1.pt,28.1341,6.0,27.0,37.0,26.6692,15.7985
glioblastoma,GeoAE,0.1,1,128,3200,models/glioblastoma_geoae_lam0.1/geoae_encoders/encoder_seed1_T50_B128_H64_W64_latent128_lambda0.1.pt,22.844,7.0,27.0,36.0,28.3181,18.3408
glioblastoma,GeoAE,0.1,2,128,3200,models/glioblastoma_geoae_lam0.1/geoae_encoders/encoder_seed2_T50_B128_H64_W64_latent128_lambda0.1.pt,26.7129,6.0,26.0,35.0,25.6317,15.6727
glioblastoma,GeoAE,0.1,3,128,3200,models/glioblastoma_geoae_lam0.1/geoae_encoders/encoder_seed3_T50_B128_H64_W64_latent128_lambda0.1.pt,24.5004,7.0,28.0,38.0,28.6076,17.8502
glioblastoma,GeoAE,0.1,4,128,3200,models/glioblastoma_geoae_lam0.1/geoae_encoders/encoder_seed4_T50_B128_H64_W64_latent128_lambda0.1.pt,22.6237,7.0,28.0,38.0,29.477,18.7134
glioblastoma,GeoAE,0.2,0,128,3200,models/glioblastoma_geoae_lam0.2/geoae_encoders/encoder_seed0_T50_B128_H64_W64_latent128_lambda0.2.pt,26.5177,7.0,27.0,37.0,27.5805,16.7466
glioblastoma,GeoAE,0.2,1,128,3200,models/glioblastoma_geoae_lam0.2/geoae_encoders/encoder_seed1_T50_B128_H64_W64_latent128_lambda0.2.pt,22.5806,6.0,22.0,29.0,24.386,17.0949
glioblastoma,GeoAE,0.2,2,128,3200,models/glioblastoma_geoae_lam0.2/geoae_encoders/encoder_seed2_T50_B128_H64_W64_latent128_lambda0.2.pt,26.8633,6.0,26.0,36.0,26.068,15.8741
glioblastoma,GeoAE,0.2,3,128,3200,models/glioblastoma_geoae_lam0.2/geoae_encoders/encoder_seed3_T50_B128_H64_W64_latent128_lambda0.2.pt,23.089,7.0,29.0,39.0,29.1535,18.3574
glioblastoma,GeoAE,0.2,4,128,3200,models/glioblastoma_geoae_lam0.2/geoae_encoders/encoder_seed4_T50_B128_H64_W64_latent128_lambda0.2.pt,20.604,8.0,30.0,40.0,32.1092,20.837
glioblastoma,GeoAE,0.5,0,128,3200,models/glioblastoma_geoae_lam0.5/geoae_encoders/encoder_seed0_T50_B128_H64_W64_latent128_lambda0.5.pt,29.0466,6.0,27.0,37.0,26.2105,15.309
glioblastoma,GeoAE,0.5,1,128,3200,models/glioblastoma_geoae_lam0.5/geoae_encoders/encoder_seed1_T50_B128_H64_W64_latent128_lambda0.5.pt,22.1537,7.0,27.0,34.0,28.0795,18.8085
glioblastoma,GeoAE,0.5,2,128,3200,models/glioblastoma_geoae_lam0.5/geoae_encoders/encoder_seed2_T50_B128_H64_W64_latent128_lambda0.5.pt,26.5267,6.0,26.0,36.0,26.0221,15.798
glioblastoma,GeoAE,0.5,3,128,3200,models/glioblastoma_geoae_lam0.5/geoae_encoders/encoder_seed3_T50_B128_H64_W64_latent128_lambda0.5.pt,22.1252,7.0,29.0,39.0,29.7149,18.9594
glioblastoma,GeoAE,0.5,4,128,3200,models/glioblastoma_geoae_lam0.5/geoae_encoders/encoder_seed4_T50_B128_H64_W64_latent128_lambda0.5.pt,20.1147,8.0,30.0,41.0,31.879,20.6578
glioblastoma,GeoAE,0.7,0,128,3200,models/glioblastoma_geoae_lam0.7/geoae_encoders/encoder_seed0_T50_B128_H64_W64_latent128_lambda0.7.pt,28.8867,6.0,27.0,37.0,26.3764,15.3965
glioblastoma,GeoAE,0.7,1,128,3200,models/glioblastoma_geoae_lam0.7/geoae_encoders/encoder_seed1_T50_B128_H64_W64_latent128_lambda0.7.pt,22.2691,7.0,24.0,32.0,26.5331,18.2411
glioblastoma,GeoAE,0.7,2,128,3200,models/glioblastoma_geoae_lam0.7/geoae_encoders/encoder_seed2_T50_B128_H64_W64_latent128_lambda0.7.pt,26.5686,6.0,26.0,35.0,25.8516,15.7778
glioblastoma,GeoAE,0.7,3,128,3200,models/glioblastoma_geoae_lam0.7/geoae_encoders/encoder_seed3_T50_B128_H64_W64_latent128_lambda0.7.pt,21.7932,7.0,29.0,39.0,30.1855,19.3894
glioblastoma,GeoAE,0.7,4,128,3200,models/glioblastoma_geoae_lam0.7/geoae_encoders/encoder_seed4_T50_B128_H64_W64_latent128_lambda0.7.pt,20.8539,8.0,30.0,40.0,31.6481,20.5093
glioblastoma,GeoAE,1.0,0,128,3200,models/glioblastoma_geoae_lam1/geoae_encoders/encoder_seed0_T50_B128_H64_W64_latent128_lambda1.pt,29.1495,6.0,27.0,37.0,26.1608,15.2398
glioblastoma,GeoAE,1.0,1,128,3200,models/glioblastoma_geoae_lam1/geoae_encoders/encoder_seed1_T50_B128_H64_W64_latent128_lambda1.pt,20.9899,7.0,23.0,29.0,25.5667,18.2712
glioblastoma,GeoAE,1.0,2,128,3200,models/glioblastoma_geoae_lam1/geoae_encoders/encoder_seed2_T50_B128_H64_W64_latent128_lambda1.pt,27.96,6.0,25.0,35.0,25.3702,15.3076
glioblastoma,GeoAE,1.0,3,128,3200,models/glioblastoma_geoae_lam1/geoae_encoders/encoder_seed3_T50_B128_H64_W64_latent128_lambda1.pt,21.6911,7.0,29.0,40.0,30.5404,19.582
glioblastoma,GeoAE,1.0,4,128,3200,models/glioblastoma_geoae_lam1/geoae_encoders/encoder_seed4_T50_B128_H64_W64_latent128_lambda1.pt,19.7284,8.0,30.0,41.0,32.6236,21.4795
hela,GeoAE,0.0,0,128,1400,models/hela_geoae_lam0/geoae_encoders/encoder_seed0_T50_B14_H64_W64_latent128_lambda0.pt,99.1483,1.0,1.0,1.0,1.1122,1.0337
hela,GeoAE,0.0,1,128,1400,models/hela_geoae_lam0/geoae_encoders/encoder_seed1_T50_B14_H64_W64_latent128_lambda0.pt,99.4201,1.0,1.0,1.0,1.1042,1.0296
hela,GeoAE,0.0,2,128,1400,models/hela_geoae_lam0/geoae_encoders/encoder_seed2_T50_B14_H64_W64_latent128_lambda0.pt,98.6157,1.0,1.0,2.0,1.3605,1.1351
hela,GeoAE,0.0,3,128,1400,models/hela_geoae_lam0/geoae_encoders/encoder_seed3_T50_B14_H64_W64_latent128_lambda0.pt,99.6082,1.0,1.0,1.0,1.0608,1.0149
hela,GeoAE,0.0,4,128,1400,models/hela_geoae_lam0/geoae_encoders/encoder_seed4_T50_B14_H64_W64_latent128_lambda0.pt,99.1417,1.0,1.0,1.0,1.1055,1.0287
hela,GeoAE,0.0005,0,128,1400,models/hela_geoae_lam0.0005/geoae_encoders/encoder_seed0_T50_B14_H64_W64_latent128_lambda0.0005.pt,96.7447,1.0,1.0,1.0,1.3474,1.0978
hela,GeoAE,0.0005,1,128,1400,models/hela_geoae_lam0.0005/geoae_encoders/encoder_seed1_T50_B14_H64_W64_latent128_lambda0.0005.pt,99.4071,1.0,1.0,1.0,1.0881,1.023
hela,GeoAE,0.0005,2,128,1400,models/hela_geoae_lam0.0005/geoae_encoders/encoder_seed2_T50_B14_H64_W64_latent128_lambda0.0005.pt,89.5768,1.0,3.0,7.0,3.4276,2.2084
hela,GeoAE,0.0005,3,128,1400,models/hela_geoae_lam0.0005/geoae_encoders/encoder_seed3_T50_B14_H64_W64_latent128_lambda0.0005.pt,97.7332,1.0,1.0,1.0,1.234,1.0673
hela,GeoAE,0.0005,4,128,1400,models/hela_geoae_lam0.0005/geoae_encoders/encoder_seed4_T50_B14_H64_W64_latent128_lambda0.0005.pt,98.0659,1.0,1.0,1.0,1.2146,1.06
hela,GeoAE,0.001,0,128,1400,models/hela_geoae_lam0.001/geoae_encoders/encoder_seed0_T50_B14_H64_W64_latent128_lambda0.001.pt,90.5955,1.0,2.0,9.0,2.4435,1.4349
hela,GeoAE,0.001,1,128,1400,models/hela_geoae_lam0.001/geoae_encoders/encoder_seed1_T50_B14_H64_W64_latent128_lambda0.001.pt,97.9472,1.0,1.0,1.0,1.2161,1.0639
hela,GeoAE,0.001,2,128,1400,models/hela_geoae_lam0.001/geoae_encoders/encoder_seed2_T50_B14_H64_W64_latent128_lambda0.001.pt,88.0737,1.0,3.0,8.0,3.3631,1.9859
hela,GeoAE,0.001,3,128,1400,models/hela_geoae_lam0.001/geoae_encoders/encoder_seed3_T50_B14_H64_W64_latent128_lambda0.001.pt,98.1396,1.0,1.0,1.0,1.2515,1.0722
hela,GeoAE,0.001,4,128,1400,models/hela_geoae_lam0.001/geoae_encoders/encoder_seed4_T50_B14_H64_W64_latent128_lambda0.001.pt,96.7788,1.0,1.0,1.0,1.3622,1.1044
hela,GeoAE,0.005,0,128,1400,models/hela_geoae_lam0.005/geoae_encoders/encoder_seed0_T50_B14_H64_W64_latent128_lambda0.005.pt,75.9083,1.0,13.0,25.0,5.3913,2.1529
hela,GeoAE,0.005,1,128,1400,models/hela_geoae_lam0.005/geoae_encoders/encoder_seed1_T50_B14_H64_W64_latent128_lambda0.005.pt,95.5422,1.0,1.0,2.0,1.4675,1.1278
hela,GeoAE,0.005,2,128,1400,models/hela_geoae_lam0.005/geoae_encoders/encoder_seed2_T50_B14_H64_W64_latent128_lambda0.005.pt,82.5771,1.0,5.0,13.0,3.5832,1.7884
hela,GeoAE,0.005,3,128,1400,models/hela_geoae_lam0.005/geoae_encoders/encoder_seed3_T50_B14_H64_W64_latent128_lambda0.005.pt,89.4905,1.0,3.0,10.0,2.7801,1.5706
hela,GeoAE,0.005,4,128,1400,models/hela_geoae_lam0.005/geoae_encoders/encoder_seed4_T50_B14_H64_W64_latent128_lambda0.005.pt,93.2358,1.0,2.0,5.0,1.9005,1.2625
hela,GeoAE,0.01,0,128,1400,models/hela_geoae_lam0.01/geoae_encoders/encoder_seed0_T50_B14_H64_W64_latent128_lambda0.01.pt,75.6103,1.0,13.0,25.0,5.6684,2.2888
hela,GeoAE,0.01,1,128,1400,models/hela_geoae_lam0.01/geoae_encoders/encoder_seed1_T50_B14_H64_W64_latent128_lambda0.01.pt,89.5472,1.0,3.0,8.0,2.1834,1.3194
hela,GeoAE,0.01,2,128,1400,models/hela_geoae_lam0.01/geoae_encoders/encoder_seed2_T50_B14_H64_W64_latent128_lambda0.01.pt,80.3036,1.0,6.0,14.0,3.8425,1.8424
hela,GeoAE,0.01,3,128,1400,models/hela_geoae_lam0.01/geoae_encoders/encoder_seed3_T50_B14_H64_W64_latent128_lambda0.01.pt,81.4475,1.0,10.0,20.0,4.3249,1.9472
hela,GeoAE,0.01,4,128,1400,models/hela_geoae_lam0.01/geoae_encoders/encoder_seed4_T50_B14_H64_W64_latent128_lambda0.01.pt,81.0733,1.0,10.0,19.0,3.8565,1.7261
hela,GeoAE,0.05,0,128,1400,models/hela_geoae_lam0.05/geoae_encoders/encoder_seed0_T50_B14_H64_W64_latent128_lambda0.05.pt,73.5212,1.0,15.0,27.0,5.9422,2.2458
hela,GeoAE,0.05,1,128,1400,models/hela_geoae_lam0.05/geoae_encoders/encoder_seed1_T50_B14_H64_W64_latent128_lambda0.05.pt,74.4972,1.0,15.0,26.0,5.1902,1.991
hela,GeoAE,0.05,2,128,1400,models/hela_geoae_lam0.05/geoae_encoders/encoder_seed2_T50_B14_H64_W64_latent128_lambda0.05.pt,81.282,1.0,7.0,15.0,3.8872,1.8371
hela,GeoAE,0.05,3,128,1400,models/hela_geoae_lam0.05/geoae_encoders/encoder_seed3_T50_B14_H64_W64_latent128_lambda0.05.pt,73.365,1.0,16.0,28.0,6.0125,2.2515
hela,GeoAE,0.05,4,128,1400,models/hela_geoae_lam0.05/geoae_encoders/encoder_seed4_T50_B14_H64_W64_latent128_lambda0.05.pt,68.4293,1.0,21.0,34.0,7.9744,2.7132
hela,GeoAE,0.1,0,128,1400,models/hela_geoae_lam0.1/geoae_encoders/encoder_seed0_T50_B14_H64_W64_latent128_lambda0.1.pt,72.9034,1.0,16.0,29.0,6.4082,2.3964
hela,GeoAE,0.1,1,128,1400,models/hela_geoae_lam0.1/geoae_encoders/encoder_seed1_T50_B14_H64_W64_latent128_lambda0.1.pt,75.6112,1.0,14.0,26.0,4.914,1.9198
hela,GeoAE,0.1,2,128,1400,models/hela_geoae_lam0.1/geoae_encoders/encoder_seed2_T50_B14_H64_W64_latent128_lambda0.1.pt,81.4481,1.0,7.0,15.0,3.8455,1.8247
hela,GeoAE,0.1,3,128,1400,models/hela_geoae_lam0.1/geoae_encoders/encoder_seed3_T50_B14_H64_W64_latent128_lambda0.1.pt,73.0126,1.0,16.0,28.0,6.0626,2.2549
hela,GeoAE,0.1,4,128,1400,models/hela_geoae_lam0.1/geoae_encoders/encoder_seed4_T50_B14_H64_W64_latent128_lambda0.1.pt,71.0249,1.0,19.0,32.0,7.0638,2.4882
hela,GeoAE,0.2,0,128,1400,models/hela_geoae_lam0.2/geoae_encoders/encoder_seed0_T50_B14_H64_W64_latent128_lambda0.2.pt,73.6727,1.0,17.0,30.0,6.2322,2.3158
hela,GeoAE,0.2,1,128,1400,models/hela_geoae_lam0.2/geoae_encoders/encoder_seed1_T50_B14_H64_W64_latent128_lambda0.2.pt,74.8452,1.0,14.0,25.0,5.1475,1.9916
hela,GeoAE,0.2,2,128,1400,models/hela_geoae_lam0.2/geoae_encoders/encoder_seed2_T50_B14_H64_W64_latent128_lambda0.2.pt,81.8052,1.0,7.0,15.0,3.7834,1.8065
hela,GeoAE,0.2,3,128,1400,models/hela_geoae_lam0.2/geoae_encoders/encoder_seed3_T50_B14_H64_W64_latent128_lambda0.2.pt,71.8248,1.0,17.0,29.0,6.3345,2.3098
hela,GeoAE,0.2,4,128,1400,models/hela_geoae_lam0.2/geoae_encoders/encoder_seed4_T50_B14_H64_W64_latent128_lambda0.2.pt,71.164,1.0,19.0,32.0,7.0303,2.4826
hela,GeoAE,0.5,0,128,1400,models/hela_geoae_lam0.5/geoae_encoders/encoder_seed0_T50_B14_H64_W64_latent128_lambda0.5.pt,71.0017,1.0,19.0,33.0,7.2011,2.5621
hela,GeoAE,0.5,1,128,1400,models/hela_geoae_lam0.5/geoae_encoders/encoder_seed1_T50_B14_H64_W64_latent128_lambda0.5.pt,70.1661,1.0,18.0,29.0,6.5102,2.3104
hela,GeoAE,0.5,2,128,1400,models/hela_geoae_lam0.5/geoae_encoders/encoder_seed2_T50_B14_H64_W64_latent128_lambda0.5.pt,82.2413,1.0,6.0,15.0,3.6885,1.7779
hela,GeoAE,0.5,3,128,1400,models/hela_geoae_lam0.5/geoae_encoders/encoder_seed3_T50_B14_H64_W64_latent128_lambda0.5.pt,71.812,1.0,17.0,29.0,6.3306,2.3118
hela,GeoAE,0.5,4,128,1400,models/hela_geoae_lam0.5/geoae_encoders/encoder_seed4_T50_B14_H64_W64_latent128_lambda0.5.pt,71.9922,1.0,18.0,31.0,6.6336,2.3714
hela,GeoAE,0.7,0,128,1400,models/hela_geoae_lam0.7/geoae_encoders/encoder_seed0_T50_B14_H64_W64_latent128_lambda0.7.pt,71.337,1.0,19.0,32.0,7.0869,2.5226
hela,GeoAE,0.7,1,128,1400,models/hela_geoae_lam0.7/geoae_encoders/encoder_seed1_T50_B14_H64_W64_latent128_lambda0.7.pt,73.4942,1.0,16.0,27.0,5.5189,2.0649
hela,GeoAE,0.7,2,128,1400,models/hela_geoae_lam0.7/geoae_encoders/encoder_seed2_T50_B14_H64_W64_latent128_lambda0.7.pt,82.4632,1.0,6.0,14.0,3.6475,1.7668
hela,GeoAE,0.7,3,128,1400,models/hela_geoae_lam0.7/geoae_encoders/encoder_seed3_T50_B14_H64_W64_latent128_lambda0.7.pt,71.617,1.0,17.0,29.0,6.3744,2.3164
hela,GeoAE,0.7,4,128,1400,models/hela_geoae_lam0.7/geoae_encoders/encoder_seed4_T50_B14_H64_W64_latent128_lambda0.7.pt,71.5341,1.0,19.0,32.0,6.8107,2.4104
hela,GeoAE,1.0,0,128,1400,models/hela_geoae_lam1/geoae_encoders/encoder_seed0_T50_B14_H64_W64_latent128_lambda1.pt,70.2666,1.0,20.0,33.0,7.3024,2.5412
hela,GeoAE,1.0,1,128,1400,models/hela_geoae_lam1/geoae_encoders/encoder_seed1_T50_B14_H64_W64_latent128_lambda1.pt,74.0474,1.0,15.0,27.0,5.3442,2.0212
hela,GeoAE,1.0,2,128,1400,models/hela_geoae_lam1/geoae_encoders/encoder_seed2_T50_B14_H64_W64_latent128_lambda1.pt,82.3864,1.0,6.0,14.0,3.6583,1.7729
hela,GeoAE,1.0,3,128,1400,models/hela_geoae_lam1/geoae_encoders/encoder_seed3_T50_B14_H64_W64_latent128_lambda1.pt,71.7149,1.0,17.0,29.0,6.3346,2.3025
hela,GeoAE,1.0,4,128,1400,models/hela_geoae_lam1/geoae_encoders/encoder_seed4_T50_B14_H64_W64_latent128_lambda1.pt,73.6103,1.0,18.0,31.0,6.23,2.2765
lorenz96,GeoAE,0.0,0,64,12800,models/lorenz96_geoae_lam0/geoae_encoders/encoder_seed0_T100_B512_H64_W64_latent64_lambda0.pt,33.4656,5.0,15.0,20.0,16.3573,10.2226
lorenz96,GeoAE,0.0,1,64,12800,models/lorenz96_geoae_lam0/geoae_encoders/encoder_seed1_T100_B512_H64_W64_latent64_lambda0.pt,47.1137,3.0,11.0,13.0,9.7482,5.6452
lorenz96,GeoAE,0.0,2,64,12800,models/lorenz96_geoae_lam0/geoae_encoders/encoder_seed2_T100_B512_H64_W64_latent64_lambda0.pt,51.4787,2.0,12.0,16.0,9.7485,4.5799
lorenz96,GeoAE,0.0,3,64,12800,models/lorenz96_geoae_lam0/geoae_encoders/encoder_seed3_T100_B512_H64_W64_latent64_lambda0.pt,39.2426,4.0,19.0,25.0,16.7445,8.262
lorenz96,GeoAE,0.0,4,64,12800,models/lorenz96_geoae_lam0/geoae_encoders/encoder_seed4_T100_B512_H64_W64_latent64_lambda0.pt,38.4995,4.0,12.0,15.0,12.7175,8.1004
lorenz96,GeoAE,0.0005,0,64,12800,models/lorenz96_geoae_lam0.0005/geoae_encoders/encoder_seed0_T100_B512_H64_W64_latent64_lambda0.0005.pt,25.2745,6.0,20.0,25.0,21.4899,14.9398
lorenz96,GeoAE,0.0005,1,64,12800,models/lorenz96_geoae_lam0.0005/geoae_encoders/encoder_seed1_T100_B512_H64_W64_latent64_lambda0.0005.pt,42.8616,3.0,11.0,14.0,11.054,6.6192
lorenz96,GeoAE,0.0005,2,64,12800,models/lorenz96_geoae_lam0.0005/geoae_encoders/encoder_seed2_T100_B512_H64_W64_latent64_lambda0.0005.pt,39.3889,4.0,15.0,20.0,14.6414,7.8358
lorenz96,GeoAE,0.0005,3,64,12800,models/lorenz96_geoae_lam0.0005/geoae_encoders/encoder_seed3_T100_B512_H64_W64_latent64_lambda0.0005.pt,39.0136,4.0,20.0,25.0,16.8791,8.1054
lorenz96,GeoAE,0.0005,4,64,12800,models/lorenz96_geoae_lam0.0005/geoae_encoders/encoder_seed4_T100_B512_H64_W64_latent64_lambda0.0005.pt,30.4879,5.0,14.0,18.0,16.2763,11.43
lorenz96,GeoAE,0.001,0,64,12800,models/lorenz96_geoae_lam0.001/geoae_encoders/encoder_seed0_T100_B512_H64_W64_latent64_lambda0.001.pt,28.4064,6.0,20.0,25.0,20.7146,13.316
lorenz96,GeoAE,0.001,1,64,12800,models/lorenz96_geoae_lam0.001/geoae_encoders/encoder_seed1_T100_B512_H64_W64_latent64_lambda0.001.pt,38.2817,4.0,12.0,16.0,12.8303,8.0521
lorenz96,GeoAE,0.001,2,64,12800,models/lorenz96_geoae_lam0.001/geoae_encoders/encoder_seed2_T100_B512_H64_W64_latent64_lambda0.001.pt,29.0253,6.0,18.0,23.0,19.2875,12.3375
lorenz96,GeoAE,0.001,3,64,12800,models/lorenz96_geoae_lam0.001/geoae_encoders/encoder_seed3_T100_B512_H64_W64_latent64_lambda0.001.pt,30.7776,5.0,20.0,26.0,20.1067,11.8791
lorenz96,GeoAE,0.001,4,64,12800,models/lorenz96_geoae_lam0.001/geoae_encoders/encoder_seed4_T100_B512_H64_W64_latent64_lambda0.001.pt,22.6541,6.0,17.0,21.0,20.1369,15.5061
lorenz96,GeoAE,0.005,0,64,12800,models/lorenz96_geoae_lam0.005/geoae_encoders/encoder_seed0_T100_B512_H64_W64_latent64_lambda0.005.pt,17.0131,8.0,21.0,26.0,25.2721,20.103
lorenz96,GeoAE,0.005,1,64,12800,models/lorenz96_geoae_lam0.005/geoae_encoders/encoder_seed1_T100_B512_H64_W64_latent64_lambda0.005.pt,15.9771,8.0,20.0,25.0,24.4971,19.542
lorenz96,GeoAE,0.005,2,64,12800,models/lorenz96_geoae_lam0.005/geoae_encoders/encoder_seed2_T100_B512_H64_W64_latent64_lambda0.005.pt,14.2989,9.0,22.0,27.0,26.9864,22.0392
lorenz96,GeoAE,0.005,3,64,12800,models/lorenz96_geoae_lam0.005/geoae_encoders/encoder_seed3_T100_B512_H64_W64_latent64_lambda0.005.pt,16.2311,8.0,21.0,27.0,25.9395,20.481
lorenz96,GeoAE,0.005,4,64,12800,models/lorenz96_geoae_lam0.005/geoae_encoders/encoder_seed4_T100_B512_H64_W64_latent64_lambda0.005.pt,16.7895,8.0,20.0,25.0,24.755,19.6934
lorenz96,GeoAE,0.01,0,64,12800,models/lorenz96_geoae_lam0.01/geoae_encoders/encoder_seed0_T100_B512_H64_W64_latent64_lambda0.01.pt,15.1822,8.0,22.0,27.0,27.0467,21.8046
lorenz96,GeoAE,0.01,1,64,12800,models/lorenz96_geoae_lam0.01/geoae_encoders/encoder_seed1_T100_B512_H64_W64_latent64_lambda0.01.pt,15.3376,8.0,22.0,28.0,27.3326,21.795
lorenz96,GeoAE,0.01,2,64,12800,models/lorenz96_geoae_lam0.01/geoae_encoders/encoder_seed2_T100_B512_H64_W64_latent64_lambda0.01.pt,14.08,9.0,22.0,27.0,27.3766,22.4509
lorenz96,GeoAE,0.01,3,64,12800,models/lorenz96_geoae_lam0.01/geoae_encoders/encoder_seed3_T100_B512_H64_W64_latent64_lambda0.01.pt,14.7709,8.0,23.0,28.0,27.52,22.0062
lorenz96,GeoAE,0.01,4,64,12800,models/lorenz96_geoae_lam0.01/geoae_encoders/encoder_seed4_T100_B512_H64_W64_latent64_lambda0.01.pt,14.7432,9.0,21.0,25.0,26.1264,21.4248
lorenz96,GeoAE,0.05,0,64,12800,models/lorenz96_geoae_lam0.05/geoae_encoders/encoder_seed0_T100_B512_H64_W64_latent64_lambda0.05.pt,13.9171,9.0,25.0,30.0,29.8279,24.1923
lorenz96,GeoAE,0.05,1,64,12800,models/lorenz96_geoae_lam0.05/geoae_encoders/encoder_seed1_T100_B512_H64_W64_latent64_lambda0.05.pt,13.5126,10.0,27.0,33.0,31.9908,25.3927
lorenz96,GeoAE,0.05,2,64,12800,models/lorenz96_geoae_lam0.05/geoae_encoders/encoder_seed2_T100_B512_H64_W64_latent64_lambda0.05.pt,14.6366,9.0,24.0,28.0,28.7774,23.5423
lorenz96,GeoAE,0.05,3,64,12800,models/lorenz96_geoae_lam0.05/geoae_encoders/encoder_seed3_T100_B512_H64_W64_latent64_lambda0.05.pt,13.5211,10.0,25.0,30.0,30.4041,24.7782
lorenz96,GeoAE,0.05,4,64,12800,models/lorenz96_geoae_lam0.05/geoae_encoders/encoder_seed4_T100_B512_H64_W64_latent64_lambda0.05.pt,13.4053,10.0,25.0,30.0,30.6672,24.9055
lorenz96,GeoAE,0.1,0,64,12800,models/lorenz96_geoae_lam0.1/geoae_encoders/encoder_seed0_T100_B512_H64_W64_latent64_lambda0.1.pt,15.2951,9.0,25.0,30.0,29.6773,23.3369
lorenz96,GeoAE,0.1,1,64,12800,models/lorenz96_geoae_lam0.1/geoae_encoders/encoder_seed1_T100_B512_H64_W64_latent64_lambda0.1.pt,15.4035,9.0,26.0,31.0,30.2195,23.5541
lorenz96,GeoAE,0.1,2,64,12800,models/lorenz96_geoae_lam0.1/geoae_encoders/encoder_seed2_T100_B512_H64_W64_latent64_lambda0.1.pt,15.4745,8.0,23.0,27.0,27.0239,21.9016
lorenz96,GeoAE,0.1,3,64,12800,models/lorenz96_geoae_lam0.1/geoae_encoders/encoder_seed3_T100_B512_H64_W64_latent64_lambda0.1.pt,13.8288,10.0,26.0,31.0,31.012,25.109
lorenz96,GeoAE,0.1,4,64,12800,models/lorenz96_geoae_lam0.1/geoae_encoders/encoder_seed4_T100_B512_H64_W64_latent64_lambda0.1.pt,13.6711,10.0,26.0,31.0,31.2248,25.1885
lorenz96,GeoAE,0.2,0,64,12800,models/lorenz96_geoae_lam0.2/geoae_encoders/encoder_seed0_T100_B512_H64_W64_latent64_lambda0.2.pt,17.1545,8.0,25.0,30.0,28.3837,21.6134
lorenz96,GeoAE,0.2,1,64,12800,models/lorenz96_geoae_lam0.2/geoae_encoders/encoder_seed1_T100_B512_H64_W64_latent64_lambda0.2.pt,15.6842,9.0,27.0,33.0,31.4749,24.3385
lorenz96,GeoAE,0.2,2,64,12800,models/lorenz96_geoae_lam0.2/geoae_encoders/encoder_seed2_T100_B512_H64_W64_latent64_lambda0.2.pt,14.7427,9.0,24.0,29.0,28.4565,23.0714
lorenz96,GeoAE,0.2,3,64,12800,models/lorenz96_geoae_lam0.2/geoae_encoders/encoder_seed3_T100_B512_H64_W64_latent64_lambda0.2.pt,14.7391,10.0,27.0,33.0,32.3994,25.4911
lorenz96,GeoAE,0.2,4,64,12800,models/lorenz96_geoae_lam0.2/geoae_encoders/encoder_seed4_T100_B512_H64_W64_latent64_lambda0.2.pt,13.454,10.0,27.0,33.0,32.3555,25.6443
lorenz96,GeoAE,0.5,0,64,12800,models/lorenz96_geoae_lam0.5/geoae_encoders/encoder_seed0_T100_B512_H64_W64_latent64_lambda0.5.pt,16.7226,8.0,25.0,33.0,29.1231,21.5995
lorenz96,GeoAE,0.5,1,64,12800,models/lorenz96_geoae_lam0.5/geoae_encoders/encoder_seed1_T100_B512_H64_W64_latent64_lambda0.5.pt,19.0121,8.0,25.0,31.0,27.8404,20.5741
lorenz96,GeoAE,0.5,2,64,12800,models/lorenz96_geoae_lam0.5/geoae_encoders/encoder_seed2_T100_B512_H64_W64_latent64_lambda0.5.pt,15.4885,9.0,24.0,28.0,27.803,22.5264
lorenz96,GeoAE,0.5,3,64,12800,models/lorenz96_geoae_lam0.5/geoae_encoders/encoder_seed3_T100_B512_H64_W64_latent64_lambda0.5.pt,15.7927,9.0,27.0,35.0,31.4275,23.6646
lorenz96,GeoAE,0.5,4,64,12800,models/lorenz96_geoae_lam0.5/geoae_encoders/encoder_seed4_T100_B512_H64_W64_latent64_lambda0.5.pt,14.7124,9.0,27.0,34.0,32.1491,24.6888
lorenz96,GeoAE,0.7,0,64,12800,models/lorenz96_geoae_lam0.7/geoae_encoders/encoder_seed0_T100_B512_H64_W64_latent64_lambda0.7.pt,15.564,9.0,28.0,36.0,32.5336,24.6006
lorenz96,GeoAE,0.7,1,64,12800,models/lorenz96_geoae_lam0.7/geoae_encoders/encoder_seed1_T100_B512_H64_W64_latent64_lambda0.7.pt,19.6941,7.0,23.0,29.0,26.0745,19.0699
lorenz96,GeoAE,0.7,2,64,12800,models/lorenz96_geoae_lam0.7/geoae_encoders/encoder_seed2_T100_B512_H64_W64_latent64_lambda0.7.pt,14.558,9.0,24.0,29.0,28.4784,23.2837
lorenz96,GeoAE,0.7,3,64,12800,models/lorenz96_geoae_lam0.7/geoae_encoders/encoder_seed3_T100_B512_H64_W64_latent64_lambda0.7.pt,15.8494,9.0,26.0,33.0,30.9655,23.7903
lorenz96,GeoAE,0.7,4,64,12800,models/lorenz96_geoae_lam0.7/geoae_encoders/encoder_seed4_T100_B512_H64_W64_latent64_lambda0.7.pt,14.4587,10.0,29.0,36.0,33.405,25.6607
lorenz96,GeoAE,1.0,0,64,12800,models/lorenz96_geoae_lam1/geoae_encoders/encoder_seed0_T100_B512_H64_W64_latent64_lambda1.pt,17.3069,8.0,26.0,34.0,30.172,22.3455
lorenz96,GeoAE,1.0,1,64,12800,models/lorenz96_geoae_lam1/geoae_encoders/encoder_seed1_T100_B512_H64_W64_latent64_lambda1.pt,15.7527,8.0,28.0,35.0,31.2196,23.2961
lorenz96,GeoAE,1.0,2,64,12800,models/lorenz96_geoae_lam1/geoae_encoders/encoder_seed2_T100_B512_H64_W64_latent64_lambda1.pt,15.6448,9.0,25.0,29.0,28.8272,23.0348
lorenz96,GeoAE,1.0,3,64,12800,models/lorenz96_geoae_lam1/geoae_encoders/encoder_seed3_T100_B512_H64_W64_latent64_lambda1.pt,16.5171,8.0,26.0,33.0,29.9432,22.4654
lorenz96,GeoAE,1.0,4,64,12800,models/lorenz96_geoae_lam1/geoae_encoders/encoder_seed4_T100_B512_H64_W64_latent64_lambda1.pt,13.9375,10.0,29.0,35.0,33.3191,26.2248
moving_mnist,GeoAE,0.0,0,48,4000,models/moving_mnist_geoae_lam0/geoae_encoders/encoder_seed0_T20_B1000_H64_W64_latent48_lambda0.pt,91.1427,1.0,2.0,4.0,1.9208,1.3323
moving_mnist,GeoAE,0.0,1,48,4000,models/moving_mnist_geoae_lam0/geoae_encoders/encoder_seed1_T20_B1000_H64_W64_latent48_lambda0.pt,91.841,1.0,2.0,4.0,1.8199,1.2891
moving_mnist,GeoAE,0.0,2,48,4000,models/moving_mnist_geoae_lam0/geoae_encoders/encoder_seed2_T20_B1000_H64_W64_latent48_lambda0.pt,91.1184,1.0,2.0,4.0,1.9012,1.3187
moving_mnist,GeoAE,0.0,3,48,4000,models/moving_mnist_geoae_lam0/geoae_encoders/encoder_seed3_T20_B1000_H64_W64_latent48_lambda0.pt,90.7298,1.0,2.0,4.0,1.9197,1.3245
moving_mnist,GeoAE,0.0,4,48,4000,models/moving_mnist_geoae_lam0/geoae_encoders/encoder_seed4_T20_B1000_H64_W64_latent48_lambda0.pt,90.3049,1.0,2.0,4.0,1.965,1.3543
moving_mnist,GeoAE,0.0005,0,48,4000,models/moving_mnist_geoae_lam0.0005/geoae_encoders/encoder_seed0_T20_B1000_H64_W64_latent48_lambda0.0005.pt,81.9791,1.0,4.0,5.0,2.9276,1.8104
moving_mnist,GeoAE,0.0005,1,48,4000,models/moving_mnist_geoae_lam0.0005/geoae_encoders/encoder_seed1_T20_B1000_H64_W64_latent48_lambda0.0005.pt,86.5433,1.0,3.0,5.0,2.3804,1.5443
moving_mnist,GeoAE,0.0005,2,48,4000,models/moving_mnist_geoae_lam0.0005/geoae_encoders/encoder_seed2_T20_B1000_H64_W64_latent48_lambda0.0005.pt,76.7238,1.0,4.0,6.0,3.667,2.1747
moving_mnist,GeoAE,0.0005,3,48,4000,models/moving_mnist_geoae_lam0.0005/geoae_encoders/encoder_seed3_T20_B1000_H64_W64_latent48_lambda0.0005.pt,84.4617,1.0,3.0,5.0,2.6555,1.6635
moving_mnist,GeoAE,0.0005,4,48,4000,models/moving_mnist_geoae_lam0.0005/geoae_encoders/encoder_seed4_T20_B1000_H64_W64_latent48_lambda0.0005.pt,84.2689,1.0,3.0,5.0,2.6021,1.6489
moving_mnist,GeoAE,0.001,0,48,4000,models/moving_mnist_geoae_lam0.001/geoae_encoders/encoder_seed0_T20_B1000_H64_W64_latent48_lambda0.001.pt,39.8582,3.0,8.0,11.0,9.9833,7.4464
moving_mnist,GeoAE,0.001,1,48,4000,models/moving_mnist_geoae_lam0.001/geoae_encoders/encoder_seed1_T20_B1000_H64_W64_latent48_lambda0.001.pt,80.8815,1.0,4.0,5.0,2.9978,1.8642
moving_mnist,GeoAE,0.001,2,48,4000,models/moving_mnist_geoae_lam0.001/geoae_encoders/encoder_seed2_T20_B1000_H64_W64_latent48_lambda0.001.pt,41.7539,3.0,10.0,13.0,10.86,7.0684
moving_mnist,GeoAE,0.001,3,48,4000,models/moving_mnist_geoae_lam0.001/geoae_encoders/encoder_seed3_T20_B1000_H64_W64_latent48_lambda0.001.pt,50.0804,2.0,9.0,12.0,9.0021,5.5156
moving_mnist,GeoAE,0.001,4,48,4000,models/moving_mnist_geoae_lam0.001/geoae_encoders/encoder_seed4_T20_B1000_H64_W64_latent48_lambda0.001.pt,75.9284,1.0,4.0,5.0,3.6127,2.2138
moving_mnist,GeoAE,0.005,0,48,4000,models/moving_mnist_geoae_lam0.005/geoae_encoders/encoder_seed0_T20_B1000_H64_W64_latent48_lambda0.005.pt,34.1193,4.0,15.0,23.0,15.973,9.6628
moving_mnist,GeoAE,0.005,1,48,4000,models/moving_mnist_geoae_lam0.005/geoae_encoders/encoder_seed1_T20_B1000_H64_W64_latent48_lambda0.005.pt,34.4571,4.0,13.0,20.0,14.4986,9.2795
moving_mnist,GeoAE,0.005,2,48,4000,models/moving_mnist_geoae_lam0.005/geoae_encoders/encoder_seed2_T20_B1000_H64_W64_latent48_lambda0.005.pt,33.9329,5.0,17.0,25.0,17.247,10.158
moving_mnist,GeoAE,0.005,3,48,4000,models/moving_mnist_geoae_lam0.005/geoae_encoders/encoder_seed3_T20_B1000_H64_W64_latent48_lambda0.005.pt,33.4223,4.0,13.0,20.0,15.1906,10.0344
moving_mnist,GeoAE,0.005,4,48,4000,models/moving_mnist_geoae_lam0.005/geoae_encoders/encoder_seed4_T20_B1000_H64_W64_latent48_lambda0.005.pt,30.3999,5.0,14.0,20.0,16.0842,10.9931
moving_mnist,GeoAE,0.01,0,48,4000,models/moving_mnist_geoae_lam0.01/geoae_encoders/encoder_seed0_T20_B1000_H64_W64_latent48_lambda0.01.pt,29.3433,5.0,20.0,28.0,19.7813,12.3857
moving_mnist,GeoAE,0.01,1,48,4000,models/moving_mnist_geoae_lam0.01/geoae_encoders/encoder_seed1_T20_B1000_H64_W64_latent48_lambda0.01.pt,29.6689,5.0,20.0,28.0,19.6593,12.2832
moving_mnist,GeoAE,0.01,2,48,4000,models/moving_mnist_geoae_lam0.01/geoae_encoders/encoder_seed2_T20_B1000_H64_W64_latent48_lambda0.01.pt,31.3284,5.0,18.0,27.0,18.6881,11.5744
moving_mnist,GeoAE,0.01,3,48,4000,models/moving_mnist_geoae_lam0.01/geoae_encoders/encoder_seed3_T20_B1000_H64_W64_latent48_lambda0.01.pt,30.0379,5.0,16.0,24.0,17.8725,11.5367
moving_mnist,GeoAE,0.01,4,48,4000,models/moving_mnist_geoae_lam0.01/geoae_encoders/encoder_seed4_T20_B1000_H64_W64_latent48_lambda0.01.pt,28.5792,5.0,19.0,27.0,19.695,12.6395
moving_mnist,GeoAE,0.05,0,48,4000,models/moving_mnist_geoae_lam0.05/geoae_encoders/encoder_seed0_T20_B1000_H64_W64_latent48_lambda0.05.pt,20.4884,8.0,29.0,36.0,29.6385,20.7425
moving_mnist,GeoAE,0.05,1,48,4000,models/moving_mnist_geoae_lam0.05/geoae_encoders/encoder_seed1_T20_B1000_H64_W64_latent48_lambda0.05.pt,16.6236,9.0,30.0,37.0,32.3419,24.4432
moving_mnist,GeoAE,0.05,2,48,4000,models/moving_mnist_geoae_lam0.05/geoae_encoders/encoder_seed2_T20_B1000_H64_W64_latent48_lambda0.05.pt,21.4871,8.0,30.0,37.0,29.6179,19.9287
moving_mnist,GeoAE,0.05,3,48,4000,models/moving_mnist_geoae_lam0.05/geoae_encoders/encoder_seed3_T20_B1000_H64_W64_latent48_lambda0.05.pt,21.1335,8.0,29.0,36.0,28.6453,19.5906
moving_mnist,GeoAE,0.05,4,48,4000,models/moving_mnist_geoae_lam0.05/geoae_encoders/encoder_seed4_T20_B1000_H64_W64_latent48_lambda0.05.pt,17.9575,9.0,31.0,37.0,32.1755,23.8739
moving_mnist,GeoAE,0.1,0,48,4000,models/moving_mnist_geoae_lam0.1/geoae_encoders/encoder_seed0_T20_B1000_H64_W64_latent48_lambda0.1.pt,14.5561,11.0,33.0,39.0,36.142,28.7183
moving_mnist,GeoAE,0.1,1,48,4000,models/moving_mnist_geoae_lam0.1/geoae_encoders/encoder_seed1_T20_B1000_H64_W64_latent48_lambda0.1.pt,16.1953,10.0,32.0,38.0,33.885,26.1723
moving_mnist,GeoAE,0.1,2,48,4000,models/moving_mnist_geoae_lam0.1/geoae_encoders/encoder_seed2_T20_B1000_H64_W64_latent48_lambda0.1.pt,14.2826,11.0,34.0,40.0,36.4587,29.1657
moving_mnist,GeoAE,0.1,3,48,4000,models/moving_mnist_geoae_lam0.1/geoae_encoders/encoder_seed3_T20_B1000_H64_W64_latent48_lambda0.1.pt,13.6994,11.0,34.0,40.0,37.0899,29.9912
moving_mnist,GeoAE,0.1,4,48,4000,models/moving_mnist_geoae_lam0.1/geoae_encoders/encoder_seed4_T20_B1000_H64_W64_latent48_lambda0.1.pt,16.3173,11.0,33.0,39.0,35.2515,27.1473
moving_mnist,GeoAE,0.2,0,48,4000,models/moving_mnist_geoae_lam0.2/geoae_encoders/encoder_seed0_T20_B1000_H64_W64_latent48_lambda0.2.pt,13.0001,12.0,34.0,40.0,37.6868,31.0969
moving_mnist,GeoAE,0.2,1,48,4000,models/moving_mnist_geoae_lam0.2/geoae_encoders/encoder_seed1_T20_B1000_H64_W64_latent48_lambda0.2.pt,23.7204,7.0,21.0,25.0,22.5174,16.3206
moving_mnist,GeoAE,0.2,2,48,4000,models/moving_mnist_geoae_lam0.2/geoae_encoders/encoder_seed2_T20_B1000_H64_W64_latent48_lambda0.2.pt,17.0652,10.0,34.0,40.0,35.125,26.6858
moving_mnist,GeoAE,0.2,3,48,4000,models/moving_mnist_geoae_lam0.2/geoae_encoders/encoder_seed3_T20_B1000_H64_W64_latent48_lambda0.2.pt,13.9627,12.0,35.0,41.0,38.143,31.051
moving_mnist,GeoAE,0.2,4,48,4000,models/moving_mnist_geoae_lam0.2/geoae_encoders/encoder_seed4_T20_B1000_H64_W64_latent48_lambda0.2.pt,17.4884,9.0,31.0,37.0,32.7166,24.7908
moving_mnist,GeoAE,0.5,0,48,4000,models/moving_mnist_geoae_lam0.5/geoae_encoders/encoder_seed0_T20_B1000_H64_W64_latent48_lambda0.5.pt,20.3014,9.0,30.0,36.0,31.5348,22.4257
moving_mnist,GeoAE,0.5,1,48,4000,models/moving_mnist_geoae_lam0.5/geoae_encoders/encoder_seed1_T20_B1000_H64_W64_latent48_lambda0.5.pt,,1.0,1.0,1.0,1.0,
moving_mnist,GeoAE,0.5,2,48,4000,models/moving_mnist_geoae_lam0.5/geoae_encoders/encoder_seed2_T20_B1000_H64_W64_latent48_lambda0.5.pt,15.8966,10.0,30.0,35.0,32.8482,25.8247
moving_mnist,GeoAE,0.5,3,48,4000,models/moving_mnist_geoae_lam0.5/geoae_encoders/encoder_seed3_T20_B1000_H64_W64_latent48_lambda0.5.pt,18.2823,9.0,27.0,33.0,30.0182,22.714
moving_mnist,GeoAE,0.5,4,48,4000,models/moving_mnist_geoae_lam0.5/geoae_encoders/encoder_seed4_T20_B1000_H64_W64_latent48_lambda0.5.pt,,1.0,1.0,1.0,1.0,
moving_mnist,GeoAE,0.7,0,48,4000,models/moving_mnist_geoae_lam0.7/geoae_encoders/encoder_seed0_T20_B1000_H64_W64_latent48_lambda0.7.pt,19.3622,9.0,31.0,37.0,32.4351,23.4527
moving_mnist,GeoAE,0.7,1,48,4000,models/moving_mnist_geoae_lam0.7/geoae_encoders/encoder_seed1_T20_B1000_H64_W64_latent48_lambda0.7.pt,100.0,1.0,1.0,1.0,1.0,1.0
moving_mnist,GeoAE,0.7,2,48,4000,models/moving_mnist_geoae_lam0.7/geoae_encoders/encoder_seed2_T20_B1000_H64_W64_latent48_lambda0.7.pt,15.084,10.0,30.0,35.0,33.177,26.3639
moving_mnist,GeoAE,0.7,3,48,4000,models/moving_mnist_geoae_lam0.7/geoae_encoders/encoder_seed3_T20_B1000_H64_W64_latent48_lambda0.7.pt,21.466,7.0,19.0,23.0,21.8086,17.1748
moving_mnist,GeoAE,0.7,4,48,4000,models/moving_mnist_geoae_lam0.7/geoae_encoders/encoder_seed4_T20_B1000_H64_W64_latent48_lambda0.7.pt,,1.0,1.0,1.0,1.0,
moving_mnist,GeoAE,1.0,0,48,4000,models/moving_mnist_geoae_lam1/geoae_encoders/encoder_seed0_T20_B1000_H64_W64_latent48_lambda1.pt,14.0078,10.0,29.0,34.0,33.2521,27.232
moving_mnist,GeoAE,1.0,1,48,4000,models/moving_mnist_geoae_lam1/geoae_encoders/encoder_seed1_T20_B1000_H64_W64_latent48_lambda1.pt,100.0,1.0,1.0,1.0,1.0,1.0
moving_mnist,GeoAE,1.0,2,48,4000,models/moving_mnist_geoae_lam1/geoae_encoders/encoder_seed2_T20_B1000_H64_W64_latent48_lambda1.pt,19.8657,7.0,24.0,29.0,26.5118,19.7217
moving_mnist,GeoAE,1.0,3,48,4000,models/moving_mnist_geoae_lam1/geoae_encoders/encoder_seed3_T20_B1000_H64_W64_latent48_lambda1.pt,76.1791,2.0,3.0,3.0,2.9334,2.877
moving_mnist,GeoAE,1.0,4,48,4000,models/moving_mnist_geoae_lam1/geoae_encoders/encoder_seed4_T20_B1000_H64_W64_latent48_lambda1.pt,,1.0,1.0,1.0,1.0,
orbiting_disks,GeoAE,0.0,0,64,6400,models/orbiting_disks_geoae_lam0/geoae_encoders/encoder_seed0_T50_B512_H64_W64_latent64_lambda0.pt,93.4408,1.0,2.0,3.0,1.6684,1.2328
orbiting_disks,GeoAE,0.0,1,64,6400,models/orbiting_disks_geoae_lam0/geoae_encoders/encoder_seed1_T50_B512_H64_W64_latent64_lambda0.pt,93.7071,1.0,1.0,3.0,1.6198,1.2127
orbiting_disks,GeoAE,0.0,2,64,6400,models/orbiting_disks_geoae_lam0/geoae_encoders/encoder_seed2_T50_B512_H64_W64_latent64_lambda0.pt,93.5668,1.0,1.0,3.0,1.6429,1.2232
orbiting_disks,GeoAE,0.0,3,64,6400,models/orbiting_disks_geoae_lam0/geoae_encoders/encoder_seed3_T50_B512_H64_W64_latent64_lambda0.pt,92.1433,1.0,2.0,4.0,1.7388,1.2543
orbiting_disks,GeoAE,0.0,4,64,6400,models/orbiting_disks_geoae_lam0/geoae_encoders/encoder_seed4_T50_B512_H64_W64_latent64_lambda0.pt,93.288,1.0,2.0,3.0,1.6716,1.2321
orbiting_disks,GeoAE,0.0005,0,64,6400,models/orbiting_disks_geoae_lam0.0005/geoae_encoders/encoder_seed0_T50_B512_H64_W64_latent64_lambda0.0005.pt,83.9629,1.0,4.0,6.0,2.7934,1.7007
orbiting_disks,GeoAE,0.0005,1,64,6400,models/orbiting_disks_geoae_lam0.0005/geoae_encoders/encoder_seed1_T50_B512_H64_W64_latent64_lambda0.0005.pt,89.095,1.0,3.0,4.0,2.0669,1.4039
orbiting_disks,GeoAE,0.0005,2,64,6400,models/orbiting_disks_geoae_lam0.0005/geoae_encoders/encoder_seed2_T50_B512_H64_W64_latent64_lambda0.0005.pt,83.043,1.0,4.0,6.0,2.9197,1.7323
orbiting_disks,GeoAE,0.0005,3,64,6400,models/orbiting_disks_geoae_lam0.0005/geoae_encoders/encoder_seed3_T50_B512_H64_W64_latent64_lambda0.0005.pt,41.6303,3.0,8.0,10.0,8.632,6.7179
orbiting_disks,GeoAE,0.0005,4,64,6400,models/orbiting_disks_geoae_lam0.0005/geoae_encoders/encoder_seed4_T50_B512_H64_W64_latent64_lambda0.0005.pt,89.2938,1.0,3.0,4.0,2.0123,1.3726
orbiting_disks,GeoAE,0.001,0,64,6400,models/orbiting_disks_geoae_lam0.001/geoae_encoders/encoder_seed0_T50_B512_H64_W64_latent64_lambda0.001.pt,39.0663,3.0,10.0,15.0,11.8003,7.6742
orbiting_disks,GeoAE,0.001,1,64,6400,models/orbiting_disks_geoae_lam0.001/geoae_encoders/encoder_seed1_T50_B512_H64_W64_latent64_lambda0.001.pt,84.3798,1.0,3.0,5.0,2.6006,1.6586
orbiting_disks,GeoAE,0.001,2,64,6400,models/orbiting_disks_geoae_lam0.001/geoae_encoders/encoder_seed2_T50_B512_H64_W64_latent64_lambda0.001.pt,43.3051,3.0,12.0,18.0,12.3709,6.8376
orbiting_disks,GeoAE,0.001,3,64,6400,models/orbiting_disks_geoae_lam0.001/geoae_encoders/encoder_seed3_T50_B512_H64_W64_latent64_lambda0.001.pt,32.1655,4.0,12.0,15.0,14.241,9.942
orbiting_disks,GeoAE,0.001,4,64,6400,models/orbiting_disks_geoae_lam0.001/geoae_encoders/encoder_seed4_T50_B512_H64_W64_latent64_lambda0.001.pt,81.0587,1.0,4.0,5.0,2.9575,1.7852
orbiting_disks,GeoAE,0.005,0,64,6400,models/orbiting_disks_geoae_lam0.005/geoae_encoders/encoder_seed0_T50_B512_H64_W64_latent64_lambda0.005.pt,24.6527,6.0,18.0,28.0,21.2665,14.5032
orbiting_disks,GeoAE,0.005,1,64,6400,models/orbiting_disks_geoae_lam0.005/geoae_encoders/encoder_seed1_T50_B512_H64_W64_latent64_lambda0.005.pt,32.0051,5.0,20.0,30.0,19.4091,11.1755
orbiting_disks,GeoAE,0.005,2,64,6400,models/orbiting_disks_geoae_lam0.005/geoae_encoders/encoder_seed2_T50_B512_H64_W64_latent64_lambda0.005.pt,23.0254,7.0,22.0,33.0,24.4283,16.3949
orbiting_disks,GeoAE,0.005,3,64,6400,models/orbiting_disks_geoae_lam0.005/geoae_encoders/encoder_seed3_T50_B512_H64_W64_latent64_lambda0.005.pt,27.7313,6.0,19.0,29.0,21.0975,13.3476
orbiting_disks,GeoAE,0.005,4,64,6400,models/orbiting_disks_geoae_lam0.005/geoae_encoders/encoder_seed4_T50_B512_H64_W64_latent64_lambda0.005.pt,22.9175,6.0,20.0,29.0,23.3964,16.409
orbiting_disks,GeoAE,0.01,0,64,6400,models/orbiting_disks_geoae_lam0.01/geoae_encoders/encoder_seed0_T50_B512_H64_W64_latent64_lambda0.01.pt,20.0846,8.0,31.0,41.0,31.5305,20.7794
orbiting_disks,GeoAE,0.01,1,64,6400,models/orbiting_disks_geoae_lam0.01/geoae_encoders/encoder_seed1_T50_B512_H64_W64_latent64_lambda0.01.pt,20.1831,7.0,27.0,37.0,28.5119,19.4035
orbiting_disks,GeoAE,0.01,2,64,6400,models/orbiting_disks_geoae_lam0.01/geoae_encoders/encoder_seed2_T50_B512_H64_W64_latent64_lambda0.01.pt,21.533,7.0,27.0,37.0,27.5416,18.2821
orbiting_disks,GeoAE,0.01,3,64,6400,models/orbiting_disks_geoae_lam0.01/geoae_encoders/encoder_seed3_T50_B512_H64_W64_latent64_lambda0.01.pt,23.391,7.0,25.0,36.0,25.8668,16.751
orbiting_disks,GeoAE,0.01,4,64,6400,models/orbiting_disks_geoae_lam0.01/geoae_encoders/encoder_seed4_T50_B512_H64_W64_latent64_lambda0.01.pt,24.1192,6.0,24.0,35.0,25.0152,16.0908
orbiting_disks,GeoAE,0.05,0,64,6400,models/orbiting_disks_geoae_lam0.05/geoae_encoders/encoder_seed0_T50_B512_H64_W64_latent64_lambda0.05.pt,15.3708,11.0,37.0,46.0,39.6536,28.9828
orbiting_disks,GeoAE,0.05,1,64,6400,models/orbiting_disks_geoae_lam0.05/geoae_encoders/encoder_seed1_T50_B512_H64_W64_latent64_lambda0.05.pt,16.1779,11.0,37.0,45.0,38.7791,27.5172
orbiting_disks,GeoAE,0.05,2,64,6400,models/orbiting_disks_geoae_lam0.05/geoae_encoders/encoder_seed2_T50_B512_H64_W64_latent64_lambda0.05.pt,16.3632,10.0,37.0,45.0,37.7496,26.5486
orbiting_disks,GeoAE,0.05,3,64,6400,models/orbiting_disks_geoae_lam0.05/geoae_encoders/encoder_seed3_T50_B512_H64_W64_latent64_lambda0.05.pt,16.5515,10.0,37.0,46.0,38.8164,27.5293
orbiting_disks,GeoAE,0.05,4,64,6400,models/orbiting_disks_geoae_lam0.05/geoae_encoders/encoder_seed4_T50_B512_H64_W64_latent64_lambda0.05.pt,16.3851,10.0,36.0,45.0,37.7231,26.8813
orbiting_disks,GeoAE,0.1,0,64,6400,models/orbiting_disks_geoae_lam0.1/geoae_encoders/encoder_seed0_T50_B512_H64_W64_latent64_lambda0.1.pt,12.5554,12.0,39.0,48.0,43.1913,33.3528
orbiting_disks,GeoAE,0.1,1,64,6400,models/orbiting_disks_geoae_lam0.1/geoae_encoders/encoder_seed1_T50_B512_H64_W64_latent64_lambda0.1.pt,14.246,12.0,39.0,47.0,41.9792,31.3446
orbiting_disks,GeoAE,0.1,2,64,6400,models/orbiting_disks_geoae_lam0.1/geoae_encoders/encoder_seed2_T50_B512_H64_W64_latent64_lambda0.1.pt,13.1798,12.0,40.0,48.0,43.0742,32.6115
orbiting_disks,GeoAE,0.1,3,64,6400,models/orbiting_disks_geoae_lam0.1/geoae_encoders/encoder_seed3_T50_B512_H64_W64_latent64_lambda0.1.pt,12.5152,13.0,42.0,50.0,44.9513,34.5461
orbiting_disks,GeoAE,0.1,4,64,6400,models/orbiting_disks_geoae_lam0.1/geoae_encoders/encoder_seed4_T50_B512_H64_W64_latent64_lambda0.1.pt,13.3378,11.0,39.0,48.0,41.872,31.504
orbiting_disks,GeoAE,0.2,0,64,6400,models/orbiting_disks_geoae_lam0.2/geoae_encoders/encoder_seed0_T50_B512_H64_W64_latent64_lambda0.2.pt,12.6344,13.0,41.0,49.0,44.7924,34.5812
orbiting_disks,GeoAE,0.2,1,64,6400,models/orbiting_disks_geoae_lam0.2/geoae_encoders/encoder_seed1_T50_B512_H64_W64_latent64_lambda0.2.pt,11.2971,14.0,41.0,48.0,45.7455,36.7475
orbiting_disks,GeoAE,0.2,2,64,6400,models/orbiting_disks_geoae_lam0.2/geoae_encoders/encoder_seed2_T50_B512_H64_W64_latent64_lambda0.2.pt,12.4852,13.0,40.0,48.0,44.6183,34.8344
orbiting_disks,GeoAE,0.2,3,64,6400,models/orbiting_disks_geoae_lam0.2/geoae_encoders/encoder_seed3_T50_B512_H64_W64_latent64_lambda0.2.pt,12.8969,13.0,43.0,51.0,46.0582,35.393
orbiting_disks,GeoAE,0.2,4,64,6400,models/orbiting_disks_geoae_lam0.2/geoae_encoders/encoder_seed4_T50_B512_H64_W64_latent64_lambda0.2.pt,12.1949,13.0,41.0,49.0,45.1201,35.2478
orbiting_disks,GeoAE,0.5,0,64,6400,models/orbiting_disks_geoae_lam0.5/geoae_encoders/encoder_seed0_T50_B512_H64_W64_latent64_lambda0.5.pt,10.6771,14.0,42.0,49.0,47.1035,38.207
orbiting_disks,GeoAE,0.5,1,64,6400,models/orbiting_disks_geoae_lam0.5/geoae_encoders/encoder_seed1_T50_B512_H64_W64_latent64_lambda0.5.pt,30.4157,5.0,13.0,16.0,14.7634,11.0514
orbiting_disks,GeoAE,0.5,2,64,6400,models/orbiting_disks_geoae_lam0.5/geoae_encoders/encoder_seed2_T50_B512_H64_W64_latent64_lambda0.5.pt,11.7583,13.0,40.0,48.0,44.5341,34.881
orbiting_disks,GeoAE,0.5,3,64,6400,models/orbiting_disks_geoae_lam0.5/geoae_encoders/encoder_seed3_T50_B512_H64_W64_latent64_lambda0.5.pt,12.5516,13.0,41.0,49.0,44.6912,34.5914
orbiting_disks,GeoAE,0.5,4,64,6400,models/orbiting_disks_geoae_lam0.5/geoae_encoders/encoder_seed4_T50_B512_H64_W64_latent64_lambda0.5.pt,9.5928,15.0,42.0,49.0,48.2496,40.4306
orbiting_disks,GeoAE,0.7,0,64,6400,models/orbiting_disks_geoae_lam0.7/geoae_encoders/encoder_seed0_T50_B512_H64_W64_latent64_lambda0.7.pt,12.1327,14.0,41.0,48.0,45.1497,35.6443
orbiting_disks,GeoAE,0.7,1,64,6400,models/orbiting_disks_geoae_lam0.7/geoae_encoders/encoder_seed1_T50_B512_H64_W64_latent64_lambda0.7.pt,99.731,1.0,2.0,2.0,1.9421,1.8429
orbiting_disks,GeoAE,0.7,2,64,6400,models/orbiting_disks_geoae_lam0.7/geoae_encoders/encoder_seed2_T50_B512_H64_W64_latent64_lambda0.7.pt,13.6205,11.0,33.0,41.0,38.3076,29.7886
orbiting_disks,GeoAE,0.7,3,64,6400,models/orbiting_disks_geoae_lam0.7/geoae_encoders/encoder_seed3_T50_B512_H64_W64_latent64_lambda0.7.pt,12.5456,12.0,39.0,47.0,42.8673,33.3249
orbiting_disks,GeoAE,0.7,4,64,6400,models/orbiting_disks_geoae_lam0.7/geoae_encoders/encoder_seed4_T50_B512_H64_W64_latent64_lambda0.7.pt,13.7397,13.0,41.0,49.0,44.3433,33.8808
orbiting_disks,GeoAE,1.0,0,64,6400,models/orbiting_disks_geoae_lam1/geoae_encoders/encoder_seed0_T50_B512_H64_W64_latent64_lambda1.pt,17.7431,8.0,31.0,38.0,32.4333,22.9712
orbiting_disks,GeoAE,1.0,1,64,6400,models/orbiting_disks_geoae_lam1/geoae_encoders/encoder_seed1_T50_B512_H64_W64_latent64_lambda1.pt,,1.0,1.0,1.0,1.0,
orbiting_disks,GeoAE,1.0,2,64,6400,models/orbiting_disks_geoae_lam1/geoae_encoders/encoder_seed2_T50_B512_H64_W64_latent64_lambda1.pt,13.1703,11.0,33.0,40.0,37.7914,29.7878
orbiting_disks,GeoAE,1.0,3,64,6400,models/orbiting_disks_geoae_lam1/geoae_encoders/encoder_seed3_T50_B512_H64_W64_latent64_lambda1.pt,13.7089,11.0,33.0,40.0,37.6722,29.3509
orbiting_disks,GeoAE,1.0,4,64,6400,models/orbiting_disks_geoae_lam1/geoae_encoders/encoder_seed4_T50_B512_H64_W64_latent64_lambda1.pt,11.6311,12.0,37.0,44.0,41.9565,33.5216
orbiting_rings,GeoAE,0.0,0,64,6400,models/orbiting_rings_geoae_lam0/geoae_encoders/encoder_seed0_T50_B512_H64_W64_latent64_lambda0.pt,94.3057,1.0,1.0,3.0,1.5852,1.1992
orbiting_rings,GeoAE,0.0,1,64,6400,models/orbiting_rings_geoae_lam0/geoae_encoders/encoder_seed1_T50_B512_H64_W64_latent64_lambda0.pt,94.4432,1.0,1.0,3.0,1.5488,1.1849
orbiting_rings,GeoAE,0.0,2,64,6400,models/orbiting_rings_geoae_lam0/geoae_encoders/encoder_seed2_T50_B512_H64_W64_latent64_lambda0.pt,94.1654,1.0,1.0,3.0,1.5904,1.2039
orbiting_rings,GeoAE,0.0,3,64,6400,models/orbiting_rings_geoae_lam0/geoae_encoders/encoder_seed3_T50_B512_H64_W64_latent64_lambda0.pt,93.6364,1.0,1.0,3.0,1.6128,1.2048
orbiting_rings,GeoAE,0.0,4,64,6400,models/orbiting_rings_geoae_lam0/geoae_encoders/encoder_seed4_T50_B512_H64_W64_latent64_lambda0.pt,94.0304,1.0,1.0,3.0,1.5958,1.2021
orbiting_rings,GeoAE,0.0005,0,64,6400,models/orbiting_rings_geoae_lam0.0005/geoae_encoders/encoder_seed0_T50_B512_H64_W64_latent64_lambda0.0005.pt,46.166,3.0,8.0,9.0,8.605,6.2107
orbiting_rings,GeoAE,0.0005,1,64,6400,models/orbiting_rings_geoae_lam0.0005/geoae_encoders/encoder_seed1_T50_B512_H64_W64_latent64_lambda0.0005.pt,89.4158,1.0,3.0,4.0,2.0342,1.3868
orbiting_rings,GeoAE,0.0005,2,64,6400,models/orbiting_rings_geoae_lam0.0005/geoae_encoders/encoder_seed2_T50_B512_H64_W64_latent64_lambda0.0005.pt,85.9611,1.0,3.0,5.0,2.5998,1.5948
orbiting_rings,GeoAE,0.0005,3,64,6400,models/orbiting_rings_geoae_lam0.0005/geoae_encoders/encoder_seed3_T50_B512_H64_W64_latent64_lambda0.0005.pt,35.0802,4.0,9.0,10.0,10.2858,8.0814
orbiting_rings,GeoAE,0.0005,4,64,6400,models/orbiting_rings_geoae_lam0.0005/geoae_encoders/encoder_seed4_T50_B512_H64_W64_latent64_lambda0.0005.pt,90.2399,1.0,2.0,4.0,1.9292,1.3355
orbiting_rings,GeoAE,0.001,0,64,6400,models/orbiting_rings_geoae_lam0.001/geoae_encoders/encoder_seed0_T50_B512_H64_W64_latent64_lambda0.001.pt,41.5041,3.0,11.0,18.0,12.126,7.2841
orbiting_rings,GeoAE,0.001,1,64,6400,models/orbiting_rings_geoae_lam0.001/geoae_encoders/encoder_seed1_T50_B512_H64_W64_latent64_lambda0.001.pt,82.4082,1.0,4.0,5.0,2.7984,1.7516
orbiting_rings,GeoAE,0.001,2,64,6400,models/orbiting_rings_geoae_lam0.001/geoae_encoders/encoder_seed2_T50_B512_H64_W64_latent64_lambda0.001.pt,44.352,3.0,12.0,19.0,12.2152,7.066
orbiting_rings,GeoAE,0.001,3,64,6400,models/orbiting_rings_geoae_lam0.001/geoae_encoders/encoder_seed3_T50_B512_H64_W64_latent64_lambda0.001.pt,39.4629,4.0,12.0,18.0,13.355,7.6167
orbiting_rings,GeoAE,0.001,4,64,6400,models/orbiting_rings_geoae_lam0.001/geoae_encoders/encoder_seed4_T50_B512_H64_W64_latent64_lambda0.001.pt,38.7146,3.0,8.0,11.0,9.673,7.3356
orbiting_rings,GeoAE,0.005,0,64,6400,models/orbiting_rings_geoae_lam0.005/geoae_encoders/encoder_seed0_T50_B512_H64_W64_latent64_lambda0.005.pt,28.3009,6.0,26.0,36.0,23.8434,13.2414
orbiting_rings,GeoAE,0.005,1,64,6400,models/orbiting_rings_geoae_lam0.005/geoae_encoders/encoder_seed1_T50_B512_H64_W64_latent64_lambda0.005.pt,35.4982,5.0,23.0,34.0,19.4611,9.4476
orbiting_rings,GeoAE,0.005,2,64,6400,models/orbiting_rings_geoae_lam0.005/geoae_encoders/encoder_seed2_T50_B512_H64_W64_latent64_lambda0.005.pt,28.6076,6.0,24.0,35.0,22.7464,12.9329
orbiting_rings,GeoAE,0.005,3,64,6400,models/orbiting_rings_geoae_lam0.005/geoae_encoders/encoder_seed3_T50_B512_H64_W64_latent64_lambda0.005.pt,30.7792,5.0,22.0,33.0,20.4453,11.4859
orbiting_rings,GeoAE,0.005,4,64,6400,models/orbiting_rings_geoae_lam0.005/geoae_encoders/encoder_seed4_T50_B512_H64_W64_latent64_lambda0.005.pt,32.3504,5.0,22.0,32.0,19.842,10.7558
orbiting_rings,GeoAE,0.01,0,64,6400,models/orbiting_rings_geoae_lam0.01/geoae_encoders/encoder_seed0_T50_B512_H64_W64_latent64_lambda0.01.pt,24.1576,7.0,31.0,41.0,29.3201,17.0776
orbiting_rings,GeoAE,0.01,1,64,6400,models/orbiting_rings_geoae_lam0.01/geoae_encoders/encoder_seed1_T50_B512_H64_W64_latent64_lambda0.01.pt,23.199,8.0,30.0,40.0,29.6538,18.1925
orbiting_rings,GeoAE,0.01,2,64,6400,models/orbiting_rings_geoae_lam0.01/geoae_encoders/encoder_seed2_T50_B512_H64_W64_latent64_lambda0.01.pt,26.245,7.0,28.0,38.0,26.6922,15.354
orbiting_rings,GeoAE,0.01,3,64,6400,models/orbiting_rings_geoae_lam0.01/geoae_encoders/encoder_seed3_T50_B512_H64_W64_latent64_lambda0.01.pt,28.1605,6.0,27.0,38.0,24.1121,13.3491
orbiting_rings,GeoAE,0.01,4,64,6400,models/orbiting_rings_geoae_lam0.01/geoae_encoders/encoder_seed4_T50_B512_H64_W64_latent64_lambda0.01.pt,25.6813,7.0,28.0,39.0,26.8793,15.6068
orbiting_rings,GeoAE,0.05,0,64,6400,models/orbiting_rings_geoae_lam0.05/geoae_encoders/encoder_seed0_T50_B512_H64_W64_latent64_lambda0.05.pt,14.6339,11.0,38.0,46.0,40.6612,29.9825
orbiting_rings,GeoAE,0.05,1,64,6400,models/orbiting_rings_geoae_lam0.05/geoae_encoders/encoder_seed1_T50_B512_H64_W64_latent64_lambda0.05.pt,15.999,12.0,39.0,47.0,41.397,29.6168
orbiting_rings,GeoAE,0.05,2,64,6400,models/orbiting_rings_geoae_lam0.05/geoae_encoders/encoder_seed2_T50_B512_H64_W64_latent64_lambda0.05.pt,18.0006,11.0,37.0,46.0,38.715,26.0198
orbiting_rings,GeoAE,0.05,3,64,6400,models/orbiting_rings_geoae_lam0.05/geoae_encoders/encoder_seed3_T50_B512_H64_W64_latent64_lambda0.05.pt,15.8387,12.0,39.0,47.0,41.0155,29.4556
orbiting_rings,GeoAE,0.05,4,64,6400,models/orbiting_rings_geoae_lam0.05/geoae_encoders/encoder_seed4_T50_B512_H64_W64_latent64_lambda0.05.pt,16.6608,11.0,38.0,47.0,40.5188,28.5825
orbiting_rings,GeoAE,0.1,0,64,6400,models/orbiting_rings_geoae_lam0.1/geoae_encoders/encoder_seed0_T50_B512_H64_W64_latent64_lambda0.1.pt,11.9594,14.0,41.0,49.0,45.2708,35.674
orbiting_rings,GeoAE,0.1,1,64,6400,models/orbiting_rings_geoae_lam0.1/geoae_encoders/encoder_seed1_T50_B512_H64_W64_latent64_lambda0.1.pt,13.685,14.0,41.0,49.0,45.218,34.8786
orbiting_rings,GeoAE,0.1,2,64,6400,models/orbiting_rings_geoae_lam0.1/geoae_encoders/encoder_seed2_T50_B512_H64_W64_latent64_lambda0.1.pt,15.0375,13.0,41.0,49.0,43.56,31.6122
orbiting_rings,GeoAE,0.1,3,64,6400,models/orbiting_rings_geoae_lam0.1/geoae_encoders/encoder_seed3_T50_B512_H64_W64_latent64_lambda0.1.pt,13.0635,14.0,42.0,50.0,45.726,35.3712
orbiting_rings,GeoAE,0.1,4,64,6400,models/orbiting_rings_geoae_lam0.1/geoae_encoders/encoder_seed4_T50_B512_H64_W64_latent64_lambda0.1.pt,14.0518,13.0,41.0,49.0,44.191,33.2502
orbiting_rings,GeoAE,0.2,0,64,6400,models/orbiting_rings_geoae_lam0.2/geoae_encoders/encoder_seed0_T50_B512_H64_W64_latent64_lambda0.2.pt,11.8973,13.0,42.0,50.0,45.8943,35.6465
orbiting_rings,GeoAE,0.2,1,64,6400,models/orbiting_rings_geoae_lam0.2/geoae_encoders/encoder_seed1_T50_B512_H64_W64_latent64_lambda0.2.pt,9.6823,16.0,44.0,51.0,49.3698,41.2114
orbiting_rings,GeoAE,0.2,2,64,6400,models/orbiting_rings_geoae_lam0.2/geoae_encoders/encoder_seed2_T50_B512_H64_W64_latent64_lambda0.2.pt,12.168,14.0,42.0,50.0,46.2642,36.6273
orbiting_rings,GeoAE,0.2,3,64,6400,models/orbiting_rings_geoae_lam0.2/geoae_encoders/encoder_seed3_T50_B512_H64_W64_latent64_lambda0.2.pt,11.3952,15.0,44.0,52.0,48.3047,38.6746
orbiting_rings,GeoAE,0.2,4,64,6400,models/orbiting_rings_geoae_lam0.2/geoae_encoders/encoder_seed4_T50_B512_H64_W64_latent64_lambda0.2.pt,13.4009,14.0,44.0,52.0,47.1884,36.1726
orbiting_rings,GeoAE,0.5,0,64,6400,models/orbiting_rings_geoae_lam0.5/geoae_encoders/encoder_seed0_T50_B512_H64_W64_latent64_lambda0.5.pt,11.1666,15.0,43.0,51.0,47.9092,38.6049
orbiting_rings,GeoAE,0.5,1,64,6400,models/orbiting_rings_geoae_lam0.5/geoae_encoders/encoder_seed1_T50_B512_H64_W64_latent64_lambda0.5.pt,16.089,9.0,29.0,36.0,32.63,24.3191
orbiting_rings,GeoAE,0.5,2,64,6400,models/orbiting_rings_geoae_lam0.5/geoae_encoders/encoder_seed2_T50_B512_H64_W64_latent64_lambda0.5.pt,11.5333,14.0,41.0,48.0,45.6528,36.4805
orbiting_rings,GeoAE,0.5,3,64,6400,models/orbiting_rings_geoae_lam0.5/geoae_encoders/encoder_seed3_T50_B512_H64_W64_latent64_lambda0.5.pt,12.3153,15.0,44.0,52.0,48.0537,37.9381
orbiting_rings,GeoAE,0.5,4,64,6400,models/orbiting_rings_geoae_lam0.5/geoae_encoders/encoder_seed4_T50_B512_H64_W64_latent64_lambda0.5.pt,11.0551,15.0,43.0,51.0,48.4128,39.3535
orbiting_rings,GeoAE,0.7,0,64,6400,models/orbiting_rings_geoae_lam0.7/geoae_encoders/encoder_seed0_T50_B512_H64_W64_latent64_lambda0.7.pt,11.4593,15.0,42.0,50.0,47.2188,38.0013
orbiting_rings,GeoAE,0.7,1,64,6400,models/orbiting_rings_geoae_lam0.7/geoae_encoders/encoder_seed1_T50_B512_H64_W64_latent64_lambda0.7.pt,34.9335,4.0,9.0,10.0,9.7681,8.2439
orbiting_rings,GeoAE,0.7,2,64,6400,models/orbiting_rings_geoae_lam0.7/geoae_encoders/encoder_seed2_T50_B512_H64_W64_latent64_lambda0.7.pt,13.9892,11.0,35.0,42.0,39.2107,30.1013
orbiting_rings,GeoAE,0.7,3,64,6400,models/orbiting_rings_geoae_lam0.7/geoae_encoders/encoder_seed3_T50_B512_H64_W64_latent64_lambda0.7.pt,10.3505,15.0,43.0,50.0,48.1141,39.2959
orbiting_rings,GeoAE,0.7,4,64,6400,models/orbiting_rings_geoae_lam0.7/geoae_encoders/encoder_seed4_T50_B512_H64_W64_latent64_lambda0.7.pt,11.8783,13.0,38.0,46.0,43.717,35.1149
orbiting_rings,GeoAE,1.0,0,64,6400,models/orbiting_rings_geoae_lam1/geoae_encoders/encoder_seed0_T50_B512_H64_W64_latent64_lambda1.pt,12.3082,14.0,40.0,48.0,45.5708,36.416
orbiting_rings,GeoAE,1.0,1,64,6400,models/orbiting_rings_geoae_lam1/geoae_encoders/encoder_seed1_T50_B512_H64_W64_latent64_lambda1.pt,,1.0,1.0,1.0,1.0,
orbiting_rings,GeoAE,1.0,2,64,6400,models/orbiting_rings_geoae_lam1/geoae_encoders/encoder_seed2_T50_B512_H64_W64_latent64_lambda1.pt,13.8642,11.0,33.0,41.0,37.4865,28.7379
orbiting_rings,GeoAE,1.0,3,64,6400,models/orbiting_rings_geoae_lam1/geoae_encoders/encoder_seed3_T50_B512_H64_W64_latent64_lambda1.pt,12.2535,14.0,40.0,48.0,45.1929,35.6892
orbiting_rings,GeoAE,1.0,4,64,6400,models/orbiting_rings_geoae_lam1/geoae_encoders/encoder_seed4_T50_B512_H64_W64_latent64_lambda1.pt,29.3343,5.0,18.0,24.0,18.9765,12.5777
