dataset,encoder,geo_ae_lambda,seed,mode,horizon,test_mse,latent_r2,encoder_path,latent_velocity,latent_acceleration,distance_corr,trustworthiness,topology_h0_l2,topology_h1_l2
bouncing_disks,geo_ae,0.0,0,z,5,0.0083,0.9917,models/bouncing_disks_geoae_lam0/geoae_encoders/encoder_seed0_T50_B512_H64_W64_latent64_lambda0.pt,0.7652,0.9004,0.4467,0.779,221.8333,26.533
bouncing_disks,geo_ae,0.0,1,z,5,0.0374,0.9628,models/bouncing_disks_geoae_lam0/geoae_encoders/encoder_seed1_T50_B512_H64_W64_latent64_lambda0.pt,1.9482,2.242,0.5236,0.7685,201.2312,22.2261
bouncing_disks,geo_ae,0.0,2,z,5,0.0069,0.9931,models/bouncing_disks_geoae_lam0/geoae_encoders/encoder_seed2_T50_B512_H64_W64_latent64_lambda0.pt,0.4567,0.5315,0.451,0.7725,219.6383,22.0454
bouncing_disks,geo_ae,0.0,3,z,5,0.0053,0.9947,models/bouncing_disks_geoae_lam0/geoae_encoders/encoder_seed3_T50_B512_H64_W64_latent64_lambda0.pt,0.4644,0.5746,0.3347,0.7911,210.05,25.5539
bouncing_disks,geo_ae,0.0,4,z,5,0.0386,0.9617,models/bouncing_disks_geoae_lam0/geoae_encoders/encoder_seed4_T50_B512_H64_W64_latent64_lambda0.pt,1.677,1.8992,0.5322,0.7802,172.1627,25.219
bouncing_disks,geo_ae,0.0005,0,z,5,0.004,0.996,models/bouncing_disks_geoae_lam0.0005/geoae_encoders/encoder_seed0_T50_B512_H64_W64_latent64_lambda0.0005.pt,0.3911,0.447,0.5044,0.7899,229.5517,28.8271
bouncing_disks,geo_ae,0.0005,1,z,5,0.0304,0.9697,models/bouncing_disks_geoae_lam0.0005/geoae_encoders/encoder_seed1_T50_B512_H64_W64_latent64_lambda0.0005.pt,1.4292,1.6147,0.5255,0.7712,204.1715,21.8174
bouncing_disks,geo_ae,0.0005,2,z,5,0.0019,0.9981,models/bouncing_disks_geoae_lam0.0005/geoae_encoders/encoder_seed2_T50_B512_H64_W64_latent64_lambda0.0005.pt,0.0738,0.108,0.5783,0.8649,61.0246,23.8328
bouncing_disks,geo_ae,0.0005,3,z,5,0.0022,0.9978,models/bouncing_disks_geoae_lam0.0005/geoae_encoders/encoder_seed3_T50_B512_H64_W64_latent64_lambda0.0005.pt,0.1372,0.1807,0.3331,0.8099,237.3647,27.7128
bouncing_disks,geo_ae,0.0005,4,z,5,0.0113,0.9888,models/bouncing_disks_geoae_lam0.0005/geoae_encoders/encoder_seed4_T50_B512_H64_W64_latent64_lambda0.0005.pt,0.6215,0.7147,0.5038,0.792,182.9371,24.96
bouncing_disks,geo_ae,0.001,0,z,5,0.0013,0.9987,models/bouncing_disks_geoae_lam0.001/geoae_encoders/encoder_seed0_T50_B512_H64_W64_latent64_lambda0.001.pt,0.0907,0.1381,0.6359,0.8979,105.2093,23.1733
bouncing_disks,geo_ae,0.001,1,z,5,0.0222,0.978,models/bouncing_disks_geoae_lam0.001/geoae_encoders/encoder_seed1_T50_B512_H64_W64_latent64_lambda0.001.pt,0.9211,1.0271,0.5245,0.7782,193.4606,25.2587
bouncing_disks,geo_ae,0.001,2,z,5,0.001,0.999,models/bouncing_disks_geoae_lam0.001/geoae_encoders/encoder_seed2_T50_B512_H64_W64_latent64_lambda0.001.pt,0.0569,0.0863,0.6888,0.9097,85.6971,25.593
bouncing_disks,geo_ae,0.001,3,z,5,0.0011,0.9989,models/bouncing_disks_geoae_lam0.001/geoae_encoders/encoder_seed3_T50_B512_H64_W64_latent64_lambda0.001.pt,0.0613,0.093,0.6939,0.9188,82.1097,20.7123
bouncing_disks,geo_ae,0.001,4,z,5,0.0045,0.9955,models/bouncing_disks_geoae_lam0.001/geoae_encoders/encoder_seed4_T50_B512_H64_W64_latent64_lambda0.001.pt,0.2731,0.3012,0.5614,0.8189,197.1066,27.5136
bouncing_disks,geo_ae,0.005,0,z,5,0.0018,0.9982,models/bouncing_disks_geoae_lam0.005/geoae_encoders/encoder_seed0_T50_B512_H64_W64_latent64_lambda0.005.pt,0.0452,0.0696,0.7508,0.936,109.2154,22.1133
bouncing_disks,geo_ae,0.005,1,z,5,0.0014,0.9986,models/bouncing_disks_geoae_lam0.005/geoae_encoders/encoder_seed1_T50_B512_H64_W64_latent64_lambda0.005.pt,0.0404,0.0641,0.7669,0.9371,15.9374,10.3923
bouncing_disks,geo_ae,0.005,2,z,5,0.0014,0.9986,models/bouncing_disks_geoae_lam0.005/geoae_encoders/encoder_seed2_T50_B512_H64_W64_latent64_lambda0.005.pt,0.0322,0.0508,0.7918,0.9367,33.0908,12.0
bouncing_disks,geo_ae,0.005,3,z,5,0.0011,0.9989,models/bouncing_disks_geoae_lam0.005/geoae_encoders/encoder_seed3_T50_B512_H64_W64_latent64_lambda0.005.pt,0.0435,0.0674,0.745,0.9368,75.4785,13.4536
bouncing_disks,geo_ae,0.005,4,z,5,0.0014,0.9986,models/bouncing_disks_geoae_lam0.005/geoae_encoders/encoder_seed4_T50_B512_H64_W64_latent64_lambda0.005.pt,0.044,0.0661,0.7836,0.9391,115.434,30.2324
bouncing_disks,geo_ae,0.01,0,z,5,0.0011,0.9989,models/bouncing_disks_geoae_lam0.01/geoae_encoders/encoder_seed0_T50_B512_H64_W64_latent64_lambda0.01.pt,0.0333,0.0531,0.7948,0.9406,59.4475,19.4679
bouncing_disks,geo_ae,0.01,1,z,5,0.0015,0.9985,models/bouncing_disks_geoae_lam0.01/geoae_encoders/encoder_seed1_T50_B512_H64_W64_latent64_lambda0.01.pt,0.0305,0.0492,0.7548,0.9279,19.3391,14.4914
bouncing_disks,geo_ae,0.01,2,z,5,0.0015,0.9985,models/bouncing_disks_geoae_lam0.01/geoae_encoders/encoder_seed2_T50_B512_H64_W64_latent64_lambda0.01.pt,0.0277,0.0442,0.7809,0.94,21.166,14.1067
bouncing_disks,geo_ae,0.01,3,z,5,0.0013,0.9987,models/bouncing_disks_geoae_lam0.01/geoae_encoders/encoder_seed3_T50_B512_H64_W64_latent64_lambda0.01.pt,0.0352,0.0558,0.7581,0.943,35.7211,17.3205
bouncing_disks,geo_ae,0.01,4,z,5,0.0013,0.9987,models/bouncing_disks_geoae_lam0.01/geoae_encoders/encoder_seed4_T50_B512_H64_W64_latent64_lambda0.01.pt,0.0349,0.0542,0.7903,0.9457,77.9038,20.3961
bouncing_disks,geo_ae,0.05,0,z,5,0.0017,0.9983,models/bouncing_disks_geoae_lam0.05/geoae_encoders/encoder_seed0_T50_B512_H64_W64_latent64_lambda0.05.pt,0.0227,0.037,0.7942,0.9371,18.0,17.4642
bouncing_disks,geo_ae,0.05,1,z,5,0.0017,0.9983,models/bouncing_disks_geoae_lam0.05/geoae_encoders/encoder_seed1_T50_B512_H64_W64_latent64_lambda0.05.pt,0.0223,0.0364,0.7988,0.9408,30.8058,3.0
bouncing_disks,geo_ae,0.05,2,z,5,0.0015,0.9985,models/bouncing_disks_geoae_lam0.05/geoae_encoders/encoder_seed2_T50_B512_H64_W64_latent64_lambda0.05.pt,0.0168,0.0276,0.8102,0.9336,40.1497,10.3923
bouncing_disks,geo_ae,0.05,3,z,5,0.001,0.999,models/bouncing_disks_geoae_lam0.05/geoae_encoders/encoder_seed3_T50_B512_H64_W64_latent64_lambda0.05.pt,0.0227,0.037,0.8007,0.9442,33.4664,18.868
bouncing_disks,geo_ae,0.05,4,z,5,0.0016,0.9984,models/bouncing_disks_geoae_lam0.05/geoae_encoders/encoder_seed4_T50_B512_H64_W64_latent64_lambda0.05.pt,0.024,0.0391,0.8211,0.9449,42.4146,16.3401
bouncing_disks,geo_ae,0.1,0,z,5,0.0013,0.9987,models/bouncing_disks_geoae_lam0.1/geoae_encoders/encoder_seed0_T50_B512_H64_W64_latent64_lambda0.1.pt,0.0183,0.0297,0.7585,0.9203,24.0832,15.0665
bouncing_disks,geo_ae,0.1,1,z,5,0.0009,0.9991,models/bouncing_disks_geoae_lam0.1/geoae_encoders/encoder_seed1_T50_B512_H64_W64_latent64_lambda0.1.pt,0.0172,0.0285,0.7801,0.9301,31.749,8.0623
bouncing_disks,geo_ae,0.1,2,z,5,0.0014,0.9986,models/bouncing_disks_geoae_lam0.1/geoae_encoders/encoder_seed2_T50_B512_H64_W64_latent64_lambda0.1.pt,0.0127,0.0211,0.7943,0.9303,13.9284,11.225
bouncing_disks,geo_ae,0.1,3,z,5,0.0016,0.9984,models/bouncing_disks_geoae_lam0.1/geoae_encoders/encoder_seed3_T50_B512_H64_W64_latent64_lambda0.1.pt,0.0186,0.0306,0.8014,0.9425,16.5831,19.1311
bouncing_disks,geo_ae,0.1,4,z,5,0.0017,0.9983,models/bouncing_disks_geoae_lam0.1/geoae_encoders/encoder_seed4_T50_B512_H64_W64_latent64_lambda0.1.pt,0.0185,0.0303,0.8212,0.9393,28.8271,9.7468
bouncing_disks,geo_ae,0.2,0,z,5,0.0009,0.9991,models/bouncing_disks_geoae_lam0.2/geoae_encoders/encoder_seed0_T50_B512_H64_W64_latent64_lambda0.2.pt,0.0135,0.0222,0.794,0.9328,11.7473,17.5214
bouncing_disks,geo_ae,0.2,1,z,5,0.0016,0.9984,models/bouncing_disks_geoae_lam0.2/geoae_encoders/encoder_seed1_T50_B512_H64_W64_latent64_lambda0.2.pt,0.0097,0.0161,0.7474,0.9202,8.4853,6.7082
bouncing_disks,geo_ae,0.2,2,z,5,0.0012,0.9988,models/bouncing_disks_geoae_lam0.2/geoae_encoders/encoder_seed2_T50_B512_H64_W64_latent64_lambda0.2.pt,0.008,0.0133,0.785,0.9305,37.4032,9.798
bouncing_disks,geo_ae,0.2,3,z,5,0.0011,0.9989,models/bouncing_disks_geoae_lam0.2/geoae_encoders/encoder_seed3_T50_B512_H64_W64_latent64_lambda0.2.pt,0.0137,0.0226,0.7906,0.9368,24.1247,12.8062
bouncing_disks,geo_ae,0.2,4,z,5,0.0016,0.9984,models/bouncing_disks_geoae_lam0.2/geoae_encoders/encoder_seed4_T50_B512_H64_W64_latent64_lambda0.2.pt,0.0145,0.0238,0.8079,0.9382,5.6569,9.6437
bouncing_disks,geo_ae,0.5,0,z,5,0.0016,0.9984,models/bouncing_disks_geoae_lam0.5/geoae_encoders/encoder_seed0_T50_B512_H64_W64_latent64_lambda0.5.pt,0.007,0.0117,0.7485,0.9076,26.3059,9.8995
bouncing_disks,geo_ae,0.5,1,z,5,0.0013,0.9987,models/bouncing_disks_geoae_lam0.5/geoae_encoders/encoder_seed1_T50_B512_H64_W64_latent64_lambda0.5.pt,0.0,0.0,-0.0119,0.362,408.7004,14.0357
bouncing_disks,geo_ae,0.5,2,z,5,0.0011,0.9989,models/bouncing_disks_geoae_lam0.5/geoae_encoders/encoder_seed2_T50_B512_H64_W64_latent64_lambda0.5.pt,0.0035,0.0058,0.6444,0.8677,58.643,19.5448
bouncing_disks,geo_ae,0.5,3,z,5,0.0012,0.9988,models/bouncing_disks_geoae_lam0.5/geoae_encoders/encoder_seed3_T50_B512_H64_W64_latent64_lambda0.5.pt,0.0055,0.0091,0.7173,0.8925,68.3447,10.3923
bouncing_disks,geo_ae,0.5,4,z,5,0.0014,0.9986,models/bouncing_disks_geoae_lam0.5/geoae_encoders/encoder_seed4_T50_B512_H64_W64_latent64_lambda0.5.pt,0.0046,0.0077,0.6925,0.8706,66.5132,14.4222
bouncing_disks,geo_ae,0.7,0,z,5,0.0015,0.9985,models/bouncing_disks_geoae_lam0.7/geoae_encoders/encoder_seed0_T50_B512_H64_W64_latent64_lambda0.7.pt,0.0045,0.0075,0.714,0.89,72.8835,7.4833
bouncing_disks,geo_ae,0.7,1,z,5,0.0012,0.9988,models/bouncing_disks_geoae_lam0.7/geoae_encoders/encoder_seed1_T50_B512_H64_W64_latent64_lambda0.7.pt,0.0,0.0,,0.3619,412.222,14.0357
bouncing_disks,geo_ae,0.7,2,z,5,0.0017,0.9983,models/bouncing_disks_geoae_lam0.7/geoae_encoders/encoder_seed2_T50_B512_H64_W64_latent64_lambda0.7.pt,0.0024,0.0039,0.642,0.8628,41.7253,9.3808
bouncing_disks,geo_ae,0.7,3,z,5,0.0017,0.9983,models/bouncing_disks_geoae_lam0.7/geoae_encoders/encoder_seed3_T50_B512_H64_W64_latent64_lambda0.7.pt,0.0043,0.0071,0.7096,0.8865,82.4864,9.2736
bouncing_disks,geo_ae,0.7,4,z,5,0.0011,0.9989,models/bouncing_disks_geoae_lam0.7/geoae_encoders/encoder_seed4_T50_B512_H64_W64_latent64_lambda0.7.pt,0.0005,0.0009,0.4031,0.7291,215.0326,17.2337
bouncing_disks,geo_ae,1.0,0,z,5,0.0015,0.9985,models/bouncing_disks_geoae_lam1/geoae_encoders/encoder_seed0_T50_B512_H64_W64_latent64_lambda1.pt,0.0032,0.0053,0.7141,0.8877,55.9464,12.6491
bouncing_disks,geo_ae,1.0,1,z,5,0.0008,0.9992,models/bouncing_disks_geoae_lam1/geoae_encoders/encoder_seed1_T50_B512_H64_W64_latent64_lambda1.pt,0.0,0.0,,0.3619,412.222,14.0357
bouncing_disks,geo_ae,1.0,2,z,5,0.0014,0.9986,models/bouncing_disks_geoae_lam1/geoae_encoders/encoder_seed2_T50_B512_H64_W64_latent64_lambda1.pt,0.0009,0.0016,0.5012,0.8051,78.4857,22.9565
bouncing_disks,geo_ae,1.0,3,z,5,0.0013,0.9987,models/bouncing_disks_geoae_lam1/geoae_encoders/encoder_seed3_T50_B512_H64_W64_latent64_lambda1.pt,0.003,0.005,0.7141,0.8836,54.6992,17.3494
bouncing_disks,geo_ae,1.0,4,z,5,0.0011,0.9989,models/bouncing_disks_geoae_lam1/geoae_encoders/encoder_seed4_T50_B512_H64_W64_latent64_lambda1.pt,0.0,0.0,-0.0119,0.362,408.7004,14.0357
bouncing_rings,geo_ae,0.0,0,z,5,0.0047,0.9954,models/bouncing_rings_geoae_lam0/geoae_encoders/encoder_seed0_T50_B512_H64_W64_latent64_lambda0.pt,0.6311,0.7978,0.2711,0.7573,235.3975,25.6515
bouncing_rings,geo_ae,0.0,1,z,5,0.0162,0.9839,models/bouncing_rings_geoae_lam0/geoae_encoders/encoder_seed1_T50_B512_H64_W64_latent64_lambda0.pt,1.2645,1.5505,0.3747,0.7438,208.5833,21.3776
bouncing_rings,geo_ae,0.0,2,z,5,0.0043,0.9957,models/bouncing_rings_geoae_lam0/geoae_encoders/encoder_seed2_T50_B512_H64_W64_latent64_lambda0.pt,0.3692,0.4777,0.2321,0.7449,243.405,13.4164
bouncing_rings,geo_ae,0.0,3,z,5,0.0048,0.9952,models/bouncing_rings_geoae_lam0/geoae_encoders/encoder_seed3_T50_B512_H64_W64_latent64_lambda0.pt,0.5051,0.6584,0.23,0.7555,239.2446,16.0624
bouncing_rings,geo_ae,0.0,4,z,5,0.0103,0.9898,models/bouncing_rings_geoae_lam0/geoae_encoders/encoder_seed4_T50_B512_H64_W64_latent64_lambda0.pt,0.8272,1.037,0.2712,0.761,221.5942,22.9347
bouncing_rings,geo_ae,0.0005,0,z,5,0.0019,0.9981,models/bouncing_rings_geoae_lam0.0005/geoae_encoders/encoder_seed0_T50_B512_H64_W64_latent64_lambda0.0005.pt,0.1956,0.2718,0.3881,0.7877,205.587,22.1811
bouncing_rings,geo_ae,0.0005,1,z,5,0.0116,0.9885,models/bouncing_rings_geoae_lam0.0005/geoae_encoders/encoder_seed1_T50_B512_H64_W64_latent64_lambda0.0005.pt,0.8359,1.0082,0.417,0.7452,206.1165,25.0
bouncing_rings,geo_ae,0.0005,2,z,5,0.0019,0.9981,models/bouncing_rings_geoae_lam0.0005/geoae_encoders/encoder_seed2_T50_B512_H64_W64_latent64_lambda0.0005.pt,0.1012,0.1586,0.3546,0.7952,175.2627,20.9045
bouncing_rings,geo_ae,0.0005,3,z,5,0.0012,0.9988,models/bouncing_rings_geoae_lam0.0005/geoae_encoders/encoder_seed3_T50_B512_H64_W64_latent64_lambda0.0005.pt,0.1678,0.2379,0.2724,0.7689,158.2877,24.1247
bouncing_rings,geo_ae,0.0005,4,z,5,0.0046,0.9954,models/bouncing_rings_geoae_lam0.0005/geoae_encoders/encoder_seed4_T50_B512_H64_W64_latent64_lambda0.0005.pt,0.413,0.5215,0.2673,0.7668,215.1302,19.5959
bouncing_rings,geo_ae,0.001,0,z,5,0.0016,0.9984,models/bouncing_rings_geoae_lam0.001/geoae_encoders/encoder_seed0_T50_B512_H64_W64_latent64_lambda0.001.pt,0.0954,0.1531,0.5375,0.8626,80.3057,22.1585
bouncing_rings,geo_ae,0.001,1,z,5,0.0062,0.9938,models/bouncing_rings_geoae_lam0.001/geoae_encoders/encoder_seed1_T50_B512_H64_W64_latent64_lambda0.001.pt,0.4561,0.5571,0.4287,0.7609,207.3982,24.1868
bouncing_rings,geo_ae,0.001,2,z,5,0.002,0.998,models/bouncing_rings_geoae_lam0.001/geoae_encoders/encoder_seed2_T50_B512_H64_W64_latent64_lambda0.001.pt,0.0725,0.1154,0.5772,0.8695,99.1615,29.4279
bouncing_rings,geo_ae,0.001,3,z,5,0.0014,0.9986,models/bouncing_rings_geoae_lam0.001/geoae_encoders/encoder_seed3_T50_B512_H64_W64_latent64_lambda0.001.pt,0.08,0.1281,0.5681,0.8774,94.1966,21.7945
bouncing_rings,geo_ae,0.001,4,z,5,0.0023,0.9977,models/bouncing_rings_geoae_lam0.001/geoae_encoders/encoder_seed4_T50_B512_H64_W64_latent64_lambda0.001.pt,0.1731,0.2294,0.3135,0.7786,207.3668,20.5913
bouncing_rings,geo_ae,0.005,0,z,5,0.0011,0.9989,models/bouncing_rings_geoae_lam0.005/geoae_encoders/encoder_seed0_T50_B512_H64_W64_latent64_lambda0.005.pt,0.0476,0.0773,0.6704,0.9054,84.1249,18.8944
bouncing_rings,geo_ae,0.005,1,z,5,0.0014,0.9986,models/bouncing_rings_geoae_lam0.005/geoae_encoders/encoder_seed1_T50_B512_H64_W64_latent64_lambda0.005.pt,0.0485,0.0799,0.6139,0.8737,40.0874,21.166
bouncing_rings,geo_ae,0.005,2,z,5,0.0013,0.9987,models/bouncing_rings_geoae_lam0.005/geoae_encoders/encoder_seed2_T50_B512_H64_W64_latent64_lambda0.005.pt,0.0407,0.066,0.7216,0.9062,115.672,19.3132
bouncing_rings,geo_ae,0.005,3,z,5,0.0014,0.9986,models/bouncing_rings_geoae_lam0.005/geoae_encoders/encoder_seed3_T50_B512_H64_W64_latent64_lambda0.005.pt,0.05,0.0802,0.6397,0.9062,59.9833,23.0217
bouncing_rings,geo_ae,0.005,4,z,5,0.0013,0.9987,models/bouncing_rings_geoae_lam0.005/geoae_encoders/encoder_seed4_T50_B512_H64_W64_latent64_lambda0.005.pt,0.0496,0.0786,0.6975,0.91,129.9615,20.4695
bouncing_rings,geo_ae,0.01,0,z,5,0.0016,0.9984,models/bouncing_rings_geoae_lam0.01/geoae_encoders/encoder_seed0_T50_B512_H64_W64_latent64_lambda0.01.pt,0.0398,0.0656,0.6659,0.9008,60.0417,20.0499
bouncing_rings,geo_ae,0.01,1,z,5,0.0013,0.9987,models/bouncing_rings_geoae_lam0.01/geoae_encoders/encoder_seed1_T50_B512_H64_W64_latent64_lambda0.01.pt,0.0388,0.0644,0.6555,0.8839,40.0749,15.9374
bouncing_rings,geo_ae,0.01,2,z,5,0.0009,0.9991,models/bouncing_rings_geoae_lam0.01/geoae_encoders/encoder_seed2_T50_B512_H64_W64_latent64_lambda0.01.pt,0.0354,0.0583,0.6355,0.9032,119.7497,21.0476
bouncing_rings,geo_ae,0.01,3,z,5,0.0016,0.9984,models/bouncing_rings_geoae_lam0.01/geoae_encoders/encoder_seed3_T50_B512_H64_W64_latent64_lambda0.01.pt,0.0416,0.0677,0.65,0.9127,63.3482,17.5499
bouncing_rings,geo_ae,0.01,4,z,5,0.0011,0.9989,models/bouncing_rings_geoae_lam0.01/geoae_encoders/encoder_seed4_T50_B512_H64_W64_latent64_lambda0.01.pt,0.0395,0.0642,0.7121,0.9093,98.3667,16.0935
bouncing_rings,geo_ae,0.05,0,z,5,0.0011,0.9989,models/bouncing_rings_geoae_lam0.05/geoae_encoders/encoder_seed0_T50_B512_H64_W64_latent64_lambda0.05.pt,0.0286,0.0478,0.7415,0.9195,23.6854,18.4932
bouncing_rings,geo_ae,0.05,1,z,5,0.0014,0.9986,models/bouncing_rings_geoae_lam0.05/geoae_encoders/encoder_seed1_T50_B512_H64_W64_latent64_lambda0.05.pt,0.0253,0.0425,0.7142,0.8965,6.4031,10.6771
bouncing_rings,geo_ae,0.05,2,z,5,0.0017,0.9983,models/bouncing_rings_geoae_lam0.05/geoae_encoders/encoder_seed2_T50_B512_H64_W64_latent64_lambda0.05.pt,0.0241,0.0404,0.7249,0.9145,9.3274,10.7703
bouncing_rings,geo_ae,0.05,3,z,5,0.0013,0.9987,models/bouncing_rings_geoae_lam0.05/geoae_encoders/encoder_seed3_T50_B512_H64_W64_latent64_lambda0.05.pt,0.0286,0.0477,0.7385,0.9183,39.724,10.4881
bouncing_rings,geo_ae,0.05,4,z,5,0.0014,0.9986,models/bouncing_rings_geoae_lam0.05/geoae_encoders/encoder_seed4_T50_B512_H64_W64_latent64_lambda0.05.pt,0.0303,0.0503,0.714,0.9097,151.9112,23.5797
bouncing_rings,geo_ae,0.1,0,z,5,0.0014,0.9986,models/bouncing_rings_geoae_lam0.1/geoae_encoders/encoder_seed0_T50_B512_H64_W64_latent64_lambda0.1.pt,0.0231,0.0386,0.7434,0.9184,16.6132,8.8882
bouncing_rings,geo_ae,0.1,1,z,5,0.0014,0.9986,models/bouncing_rings_geoae_lam0.1/geoae_encoders/encoder_seed1_T50_B512_H64_W64_latent64_lambda0.1.pt,0.021,0.0353,0.7099,0.8965,5.7446,13.6748
bouncing_rings,geo_ae,0.1,2,z,5,0.0016,0.9984,models/bouncing_rings_geoae_lam0.1/geoae_encoders/encoder_seed2_T50_B512_H64_W64_latent64_lambda0.1.pt,0.0171,0.0288,0.7315,0.906,26.8514,12.5698
bouncing_rings,geo_ae,0.1,3,z,5,0.0015,0.9985,models/bouncing_rings_geoae_lam0.1/geoae_encoders/encoder_seed3_T50_B512_H64_W64_latent64_lambda0.1.pt,0.0231,0.0387,0.7471,0.919,28.0713,12.2474
bouncing_rings,geo_ae,0.1,4,z,5,0.0009,0.9991,models/bouncing_rings_geoae_lam0.1/geoae_encoders/encoder_seed4_T50_B512_H64_W64_latent64_lambda0.1.pt,0.0214,0.0357,0.7512,0.9115,103.0,12.083
bouncing_rings,geo_ae,0.2,0,z,5,0.0012,0.9988,models/bouncing_rings_geoae_lam0.2/geoae_encoders/encoder_seed0_T50_B512_H64_W64_latent64_lambda0.2.pt,0.0175,0.0294,0.7215,0.9111,36.9865,5.5678
bouncing_rings,geo_ae,0.2,1,z,5,0.0013,0.9987,models/bouncing_rings_geoae_lam0.2/geoae_encoders/encoder_seed1_T50_B512_H64_W64_latent64_lambda0.2.pt,0.013,0.022,0.6772,0.8828,37.3497,13.6382
bouncing_rings,geo_ae,0.2,2,z,5,0.0015,0.9985,models/bouncing_rings_geoae_lam0.2/geoae_encoders/encoder_seed2_T50_B512_H64_W64_latent64_lambda0.2.pt,0.0093,0.0157,0.6778,0.8843,13.0,15.5563
bouncing_rings,geo_ae,0.2,3,z,5,0.0015,0.9985,models/bouncing_rings_geoae_lam0.2/geoae_encoders/encoder_seed3_T50_B512_H64_W64_latent64_lambda0.2.pt,0.0179,0.03,0.753,0.9164,36.7423,15.7162
bouncing_rings,geo_ae,0.2,4,z,5,0.0012,0.9988,models/bouncing_rings_geoae_lam0.2/geoae_encoders/encoder_seed4_T50_B512_H64_W64_latent64_lambda0.2.pt,0.0149,0.025,0.7392,0.904,106.1226,17.0587
bouncing_rings,geo_ae,0.5,0,z,5,0.0012,0.9988,models/bouncing_rings_geoae_lam0.5/geoae_encoders/encoder_seed0_T50_B512_H64_W64_latent64_lambda0.5.pt,0.01,0.0168,0.7355,0.8913,63.5295,6.4031
bouncing_rings,geo_ae,0.5,1,z,5,0.0009,0.9991,models/bouncing_rings_geoae_lam0.5/geoae_encoders/encoder_seed1_T50_B512_H64_W64_latent64_lambda0.5.pt,0.0,0.0,,0.3756,426.1983,6.1644
bouncing_rings,geo_ae,0.5,2,z,5,0.0014,0.9986,models/bouncing_rings_geoae_lam0.5/geoae_encoders/encoder_seed2_T50_B512_H64_W64_latent64_lambda0.5.pt,0.0041,0.007,0.6551,0.8783,91.214,8.4261
bouncing_rings,geo_ae,0.5,3,z,5,0.0012,0.9988,models/bouncing_rings_geoae_lam0.5/geoae_encoders/encoder_seed3_T50_B512_H64_W64_latent64_lambda0.5.pt,0.0074,0.0125,0.7102,0.8891,40.1497,9.3274
bouncing_rings,geo_ae,0.5,4,z,5,0.0015,0.9985,models/bouncing_rings_geoae_lam0.5/geoae_encoders/encoder_seed4_T50_B512_H64_W64_latent64_lambda0.5.pt,0.0069,0.0115,0.7219,0.8863,55.5068,15.3297
bouncing_rings,geo_ae,0.7,0,z,5,0.0014,0.9986,models/bouncing_rings_geoae_lam0.7/geoae_encoders/encoder_seed0_T50_B512_H64_W64_latent64_lambda0.7.pt,0.0046,0.0078,0.6535,0.8667,68.0074,9.798
bouncing_rings,geo_ae,0.7,1,z,5,0.001,0.999,models/bouncing_rings_geoae_lam0.7/geoae_encoders/encoder_seed1_T50_B512_H64_W64_latent64_lambda0.7.pt,0.0,0.0,0.0162,0.3758,426.1983,6.1644
bouncing_rings,geo_ae,0.7,2,z,5,0.0011,0.9989,models/bouncing_rings_geoae_lam0.7/geoae_encoders/encoder_seed2_T50_B512_H64_W64_latent64_lambda0.7.pt,0.0027,0.0045,0.6551,0.8683,82.2922,8.0
bouncing_rings,geo_ae,0.7,3,z,5,0.0015,0.9985,models/bouncing_rings_geoae_lam0.7/geoae_encoders/encoder_seed3_T50_B512_H64_W64_latent64_lambda0.7.pt,0.0043,0.0073,0.6864,0.8698,18.8944,8.775
bouncing_rings,geo_ae,0.7,4,z,5,0.0011,0.9989,models/bouncing_rings_geoae_lam0.7/geoae_encoders/encoder_seed4_T50_B512_H64_W64_latent64_lambda0.7.pt,0.0008,0.0014,0.4478,0.7422,169.068,14.5602
bouncing_rings,geo_ae,1.0,0,z,5,0.0012,0.9988,models/bouncing_rings_geoae_lam1/geoae_encoders/encoder_seed0_T50_B512_H64_W64_latent64_lambda1.pt,0.0028,0.0047,0.596,0.8266,91.1263,7.5498
bouncing_rings,geo_ae,1.0,1,z,5,0.0013,0.9987,models/bouncing_rings_geoae_lam1/geoae_encoders/encoder_seed1_T50_B512_H64_W64_latent64_lambda1.pt,0.0,0.0,,0.3756,426.1983,6.1644
bouncing_rings,geo_ae,1.0,2,z,5,0.0017,0.9983,models/bouncing_rings_geoae_lam1/geoae_encoders/encoder_seed2_T50_B512_H64_W64_latent64_lambda1.pt,0.0018,0.0031,0.6335,0.8556,120.4616,8.8318
bouncing_rings,geo_ae,1.0,3,z,5,0.0016,0.9984,models/bouncing_rings_geoae_lam1/geoae_encoders/encoder_seed3_T50_B512_H64_W64_latent64_lambda1.pt,0.0026,0.0045,0.6272,0.8263,95.8645,9.1652
bouncing_rings,geo_ae,1.0,4,z,5,0.0009,0.9991,models/bouncing_rings_geoae_lam1/geoae_encoders/encoder_seed4_T50_B512_H64_W64_latent64_lambda1.pt,0.0,0.0,,0.3756,426.1983,6.1644
electric_devices,geo_ae,0.0,0,z,5,0.018,0.9832,models/electric_devices_geoae_lam0/geoae_encoders/encoder_seed0_T96_B1024_H32_W32_latent64_lambda0.pt,0.3241,0.403,0.618,0.6869,84.9706,2.8284
electric_devices,geo_ae,0.0,1,z,5,0.0323,0.9709,models/electric_devices_geoae_lam0/geoae_encoders/encoder_seed1_T96_B1024_H32_W32_latent64_lambda0.pt,0.4172,0.4755,0.6081,0.6707,170.1411,5.6569
electric_devices,geo_ae,0.0,2,z,5,0.0298,0.9721,models/electric_devices_geoae_lam0/geoae_encoders/encoder_seed2_T96_B1024_H32_W32_latent64_lambda0.pt,0.418,0.6096,0.5537,0.6881,128.639,4.6904
electric_devices,geo_ae,0.0,3,z,5,0.0217,0.9798,models/electric_devices_geoae_lam0/geoae_encoders/encoder_seed3_T96_B1024_H32_W32_latent64_lambda0.pt,0.2833,0.3336,0.6401,0.701,94.747,4.0
electric_devices,geo_ae,0.0,4,z,5,0.0341,0.9695,models/electric_devices_geoae_lam0/geoae_encoders/encoder_seed4_T96_B1024_H32_W32_latent64_lambda0.pt,0.3877,0.4606,0.6352,0.6987,135.8161,5.2915
electric_devices,geo_ae,0.0005,0,z,5,0.0018,0.9982,models/electric_devices_geoae_lam0.0005/geoae_encoders/encoder_seed0_T96_B1024_H32_W32_latent64_lambda0.0005.pt,0.1232,0.2194,0.4072,0.714,63.0555,3.873
electric_devices,geo_ae,0.0005,1,z,5,0.0142,0.9864,models/electric_devices_geoae_lam0.0005/geoae_encoders/encoder_seed1_T96_B1024_H32_W32_latent64_lambda0.0005.pt,0.2945,0.3848,0.4541,0.705,107.3965,4.1231
electric_devices,geo_ae,0.0005,2,z,5,0.0113,0.9888,models/electric_devices_geoae_lam0.0005/geoae_encoders/encoder_seed2_T96_B1024_H32_W32_latent64_lambda0.0005.pt,0.2632,0.4124,0.3017,0.701,112.0402,3.0
electric_devices,geo_ae,0.0005,3,z,5,0.0122,0.9878,models/electric_devices_geoae_lam0.0005/geoae_encoders/encoder_seed3_T96_B1024_H32_W32_latent64_lambda0.0005.pt,0.1384,0.2014,0.2957,0.7003,94.3027,3.873
electric_devices,geo_ae,0.0005,4,z,5,0.0074,0.9928,models/electric_devices_geoae_lam0.0005/geoae_encoders/encoder_seed4_T96_B1024_H32_W32_latent64_lambda0.0005.pt,0.1452,0.2113,0.5625,0.6896,109.9182,4.7958
electric_devices,geo_ae,0.001,0,z,5,0.0016,0.9984,models/electric_devices_geoae_lam0.001/geoae_encoders/encoder_seed0_T96_B1024_H32_W32_latent64_lambda0.001.pt,0.1045,0.1877,0.5809,0.7349,53.7494,9.0554
electric_devices,geo_ae,0.001,1,z,5,0.0091,0.991,models/electric_devices_geoae_lam0.001/geoae_encoders/encoder_seed1_T96_B1024_H32_W32_latent64_lambda0.001.pt,0.2448,0.3346,0.2947,0.7103,112.1651,2.6458
electric_devices,geo_ae,0.001,2,z,5,0.0022,0.9978,models/electric_devices_geoae_lam0.001/geoae_encoders/encoder_seed2_T96_B1024_H32_W32_latent64_lambda0.001.pt,0.0969,0.1769,0.6365,0.7435,12.2066,11.1803
electric_devices,geo_ae,0.001,3,z,5,0.0034,0.9966,models/electric_devices_geoae_lam0.001/geoae_encoders/encoder_seed3_T96_B1024_H32_W32_latent64_lambda0.001.pt,0.1023,0.1633,0.4681,0.7339,26.6833,6.4031
electric_devices,geo_ae,0.001,4,z,5,0.0043,0.9957,models/electric_devices_geoae_lam0.001/geoae_encoders/encoder_seed4_T96_B1024_H32_W32_latent64_lambda0.001.pt,0.0983,0.1656,0.3503,0.7175,39.2046,2.2361
electric_devices,geo_ae,0.005,0,z,5,0.0021,0.9979,models/electric_devices_geoae_lam0.005/geoae_encoders/encoder_seed0_T96_B1024_H32_W32_latent64_lambda0.005.pt,0.0891,0.1619,0.8955,0.7895,16.9411,14.1067
electric_devices,geo_ae,0.005,1,z,5,0.0018,0.9982,models/electric_devices_geoae_lam0.005/geoae_encoders/encoder_seed1_T96_B1024_H32_W32_latent64_lambda0.005.pt,0.0743,0.1341,0.8742,0.787,78.3199,10.4881
electric_devices,geo_ae,0.005,2,z,5,0.0014,0.9986,models/electric_devices_geoae_lam0.005/geoae_encoders/encoder_seed2_T96_B1024_H32_W32_latent64_lambda0.005.pt,0.0825,0.1482,0.8732,0.7682,23.8537,11.2694
electric_devices,geo_ae,0.005,3,z,5,0.0011,0.9989,models/electric_devices_geoae_lam0.005/geoae_encoders/encoder_seed3_T96_B1024_H32_W32_latent64_lambda0.005.pt,0.0765,0.1375,0.8852,0.7833,43.9659,8.4853
electric_devices,geo_ae,0.005,4,z,5,0.0012,0.9988,models/electric_devices_geoae_lam0.005/geoae_encoders/encoder_seed4_T96_B1024_H32_W32_latent64_lambda0.005.pt,0.0771,0.1401,0.7747,0.7821,85.5687,6.4807
electric_devices,geo_ae,0.01,0,z,5,0.0013,0.9987,models/electric_devices_geoae_lam0.01/geoae_encoders/encoder_seed0_T96_B1024_H32_W32_latent64_lambda0.01.pt,0.0764,0.1408,0.9167,0.8017,14.9666,12.1655
electric_devices,geo_ae,0.01,1,z,5,0.0019,0.9981,models/electric_devices_geoae_lam0.01/geoae_encoders/encoder_seed1_T96_B1024_H32_W32_latent64_lambda0.01.pt,0.0698,0.1271,0.9023,0.8057,58.6003,6.1644
electric_devices,geo_ae,0.01,2,z,5,0.0013,0.9987,models/electric_devices_geoae_lam0.01/geoae_encoders/encoder_seed2_T96_B1024_H32_W32_latent64_lambda0.01.pt,0.0731,0.1346,0.8637,0.7853,18.0,6.245
electric_devices,geo_ae,0.01,3,z,5,0.0012,0.9988,models/electric_devices_geoae_lam0.01/geoae_encoders/encoder_seed3_T96_B1024_H32_W32_latent64_lambda0.01.pt,0.0764,0.1401,0.9238,0.7999,21.5174,3.873
electric_devices,geo_ae,0.01,4,z,5,0.0018,0.9982,models/electric_devices_geoae_lam0.01/geoae_encoders/encoder_seed4_T96_B1024_H32_W32_latent64_lambda0.01.pt,0.08,0.148,0.8808,0.799,30.1164,6.3246
electric_devices,geo_ae,0.05,0,z,5,0.0012,0.9988,models/electric_devices_geoae_lam0.05/geoae_encoders/encoder_seed0_T96_B1024_H32_W32_latent64_lambda0.05.pt,0.0628,0.1177,0.9514,0.8325,16.8819,6.4031
electric_devices,geo_ae,0.05,1,z,5,0.0011,0.9989,models/electric_devices_geoae_lam0.05/geoae_encoders/encoder_seed1_T96_B1024_H32_W32_latent64_lambda0.05.pt,0.0515,0.095,0.9456,0.8333,35.0714,7.2801
electric_devices,geo_ae,0.05,2,z,5,0.0018,0.9982,models/electric_devices_geoae_lam0.05/geoae_encoders/encoder_seed2_T96_B1024_H32_W32_latent64_lambda0.05.pt,0.0488,0.0912,0.9231,0.8125,16.1245,6.0828
electric_devices,geo_ae,0.05,3,z,5,0.0019,0.9981,models/electric_devices_geoae_lam0.05/geoae_encoders/encoder_seed3_T96_B1024_H32_W32_latent64_lambda0.05.pt,0.061,0.1142,0.9514,0.8278,20.3961,6.4031
electric_devices,geo_ae,0.05,4,z,5,0.0017,0.9983,models/electric_devices_geoae_lam0.05/geoae_encoders/encoder_seed4_T96_B1024_H32_W32_latent64_lambda0.05.pt,0.0654,0.1231,0.9459,0.8279,25.9037,6.245
electric_devices,geo_ae,0.1,0,z,5,0.0011,0.9989,models/electric_devices_geoae_lam0.1/geoae_encoders/encoder_seed0_T96_B1024_H32_W32_latent64_lambda0.1.pt,0.0491,0.092,0.9563,0.8354,15.3297,5.2915
electric_devices,geo_ae,0.1,1,z,5,0.0012,0.9988,models/electric_devices_geoae_lam0.1/geoae_encoders/encoder_seed1_T96_B1024_H32_W32_latent64_lambda0.1.pt,0.0389,0.0718,0.9472,0.8338,29.2575,5.5678
electric_devices,geo_ae,0.1,2,z,5,0.0014,0.9986,models/electric_devices_geoae_lam0.1/geoae_encoders/encoder_seed2_T96_B1024_H32_W32_latent64_lambda0.1.pt,0.04,0.0748,0.9473,0.8318,27.7849,4.6904
electric_devices,geo_ae,0.1,3,z,5,0.0015,0.9985,models/electric_devices_geoae_lam0.1/geoae_encoders/encoder_seed3_T96_B1024_H32_W32_latent64_lambda0.1.pt,0.0492,0.092,0.9474,0.8357,10.1489,3.873
electric_devices,geo_ae,0.1,4,z,5,0.0016,0.9984,models/electric_devices_geoae_lam0.1/geoae_encoders/encoder_seed4_T96_B1024_H32_W32_latent64_lambda0.1.pt,0.052,0.0976,0.9532,0.8394,14.2478,5.3852
electric_devices,geo_ae,0.2,0,z,5,0.0014,0.9986,models/electric_devices_geoae_lam0.2/geoae_encoders/encoder_seed0_T96_B1024_H32_W32_latent64_lambda0.2.pt,0.0371,0.0693,0.9622,0.844,22.5167,4.7958
electric_devices,geo_ae,0.2,1,z,5,0.002,0.998,models/electric_devices_geoae_lam0.2/geoae_encoders/encoder_seed1_T96_B1024_H32_W32_latent64_lambda0.2.pt,0.0285,0.0529,0.9366,0.8393,48.0937,7.2801
electric_devices,geo_ae,0.2,2,z,5,0.0018,0.9982,models/electric_devices_geoae_lam0.2/geoae_encoders/encoder_seed2_T96_B1024_H32_W32_latent64_lambda0.2.pt,0.0301,0.0562,0.9595,0.8402,19.9499,4.5826
electric_devices,geo_ae,0.2,3,z,5,0.0014,0.9986,models/electric_devices_geoae_lam0.2/geoae_encoders/encoder_seed3_T96_B1024_H32_W32_latent64_lambda0.2.pt,0.0388,0.0724,0.9467,0.8447,14.8997,3.6056
electric_devices,geo_ae,0.2,4,z,5,0.0016,0.9984,models/electric_devices_geoae_lam0.2/geoae_encoders/encoder_seed4_T96_B1024_H32_W32_latent64_lambda0.2.pt,0.0396,0.074,0.9539,0.8394,9.8489,3.1623
electric_devices,geo_ae,0.5,0,z,5,0.0017,0.9983,models/electric_devices_geoae_lam0.5/geoae_encoders/encoder_seed0_T96_B1024_H32_W32_latent64_lambda0.5.pt,0.0249,0.0464,0.9597,0.8484,21.9317,3.4641
electric_devices,geo_ae,0.5,1,z,5,0.0019,0.9981,models/electric_devices_geoae_lam0.5/geoae_encoders/encoder_seed1_T96_B1024_H32_W32_latent64_lambda0.5.pt,0.0097,0.0179,0.9199,0.8018,25.6905,2.6458
electric_devices,geo_ae,0.5,2,z,5,0.0014,0.9986,models/electric_devices_geoae_lam0.5/geoae_encoders/encoder_seed2_T96_B1024_H32_W32_latent64_lambda0.5.pt,0.0201,0.0373,0.9605,0.8441,13.3791,3.1623
electric_devices,geo_ae,0.5,3,z,5,0.0019,0.9981,models/electric_devices_geoae_lam0.5/geoae_encoders/encoder_seed3_T96_B1024_H32_W32_latent64_lambda0.5.pt,0.0255,0.0474,0.921,0.8346,8.0,4.3589
electric_devices,geo_ae,0.5,4,z,5,0.0019,0.9981,models/electric_devices_geoae_lam0.5/geoae_encoders/encoder_seed4_T96_B1024_H32_W32_latent64_lambda0.5.pt,0.0274,0.0511,0.9528,0.8465,11.7047,3.0
electric_devices,geo_ae,0.7,0,z,5,0.0011,0.9989,models/electric_devices_geoae_lam0.7/geoae_encoders/encoder_seed0_T96_B1024_H32_W32_latent64_lambda0.7.pt,0.0222,0.0412,0.9614,0.8416,10.4403,4.0
electric_devices,geo_ae,0.7,1,z,5,0.0018,0.9982,models/electric_devices_geoae_lam0.7/geoae_encoders/encoder_seed1_T96_B1024_H32_W32_latent64_lambda0.7.pt,0.005,0.0091,0.9021,0.7975,20.7123,5.9161
electric_devices,geo_ae,0.7,2,z,5,0.0015,0.9985,models/electric_devices_geoae_lam0.7/geoae_encoders/encoder_seed2_T96_B1024_H32_W32_latent64_lambda0.7.pt,0.0171,0.0318,0.9418,0.8326,12.9228,2.8284
electric_devices,geo_ae,0.7,3,z,5,0.0014,0.9986,models/electric_devices_geoae_lam0.7/geoae_encoders/encoder_seed3_T96_B1024_H32_W32_latent64_lambda0.7.pt,0.02,0.0371,0.9439,0.8483,16.3401,2.8284
electric_devices,geo_ae,0.7,4,z,5,0.002,0.998,models/electric_devices_geoae_lam0.7/geoae_encoders/encoder_seed4_T96_B1024_H32_W32_latent64_lambda0.7.pt,0.0245,0.0457,0.9536,0.8436,10.6301,2.8284
electric_devices,geo_ae,1.0,0,z,5,0.0015,0.9985,models/electric_devices_geoae_lam1/geoae_encoders/encoder_seed0_T96_B1024_H32_W32_latent64_lambda1.pt,0.0182,0.0336,0.9483,0.8388,13.0767,3.3166
electric_devices,geo_ae,1.0,1,z,5,0.0017,0.9983,models/electric_devices_geoae_lam1/geoae_encoders/encoder_seed1_T96_B1024_H32_W32_latent64_lambda1.pt,0.0048,0.0087,0.9005,0.7905,23.7487,6.0
electric_devices,geo_ae,1.0,2,z,5,0.0014,0.9986,models/electric_devices_geoae_lam1/geoae_encoders/encoder_seed2_T96_B1024_H32_W32_latent64_lambda1.pt,0.0154,0.0286,0.9492,0.8369,8.775,2.6458
electric_devices,geo_ae,1.0,3,z,5,0.0022,0.9978,models/electric_devices_geoae_lam1/geoae_encoders/encoder_seed3_T96_B1024_H32_W32_latent64_lambda1.pt,0.0124,0.0228,0.9383,0.8309,10.0995,2.4495
electric_devices,geo_ae,1.0,4,z,5,0.0018,0.9982,models/electric_devices_geoae_lam1/geoae_encoders/encoder_seed4_T96_B1024_H32_W32_latent64_lambda1.pt,0.019,0.0354,0.9399,0.8355,30.0333,3.1623
glioblastoma,geo_ae,0.0,0,z,5,0.0015,0.9984,models/glioblastoma_geoae_lam0/geoae_encoders/encoder_seed0_T50_B128_H64_W64_latent128_lambda0.pt,0.0155,0.0262,0.325,0.9871,120.9132,4.6904
glioblastoma,geo_ae,0.0,1,z,5,0.0024,0.9975,models/glioblastoma_geoae_lam0/geoae_encoders/encoder_seed1_T50_B128_H64_W64_latent128_lambda0.pt,0.0165,0.0273,0.3336,0.987,118.9201,2.6458
glioblastoma,geo_ae,0.0,2,z,5,0.0017,0.9983,models/glioblastoma_geoae_lam0/geoae_encoders/encoder_seed2_T50_B128_H64_W64_latent128_lambda0.pt,0.0044,0.0071,0.4729,0.9903,85.1117,5.1962
glioblastoma,geo_ae,0.0,3,z,5,0.0032,0.9966,models/glioblastoma_geoae_lam0/geoae_encoders/encoder_seed3_T50_B128_H64_W64_latent128_lambda0.pt,0.0131,0.0214,0.3457,0.9847,110.621,5.1962
glioblastoma,geo_ae,0.0,4,z,5,0.0018,0.9981,models/glioblastoma_geoae_lam0/geoae_encoders/encoder_seed4_T50_B128_H64_W64_latent128_lambda0.pt,0.0143,0.0237,0.3548,0.9883,114.1359,5.2915
glioblastoma,geo_ae,0.0005,0,z,5,0.0011,0.9989,models/glioblastoma_geoae_lam0.0005/geoae_encoders/encoder_seed0_T50_B128_H64_W64_latent128_lambda0.0005.pt,0.007,0.0105,0.8206,0.9975,20.567,4.6904
glioblastoma,geo_ae,0.0005,1,z,5,0.0012,0.9988,models/glioblastoma_geoae_lam0.0005/geoae_encoders/encoder_seed1_T50_B128_H64_W64_latent128_lambda0.0005.pt,0.0073,0.0107,0.8244,0.9978,21.7025,3.7417
glioblastoma,geo_ae,0.0005,2,z,5,0.0009,0.9991,models/glioblastoma_geoae_lam0.0005/geoae_encoders/encoder_seed2_T50_B128_H64_W64_latent128_lambda0.0005.pt,0.0028,0.0043,0.8161,0.9942,17.2916,4.6904
glioblastoma,geo_ae,0.0005,3,z,5,0.0012,0.9988,models/glioblastoma_geoae_lam0.0005/geoae_encoders/encoder_seed3_T50_B128_H64_W64_latent128_lambda0.0005.pt,0.0062,0.0093,0.8488,0.9953,18.303,5.831
glioblastoma,geo_ae,0.0005,4,z,5,0.0008,0.9992,models/glioblastoma_geoae_lam0.0005/geoae_encoders/encoder_seed4_T50_B128_H64_W64_latent128_lambda0.0005.pt,0.0076,0.0112,0.8463,0.9962,19.2873,5.1962
glioblastoma,geo_ae,0.001,0,z,5,0.0013,0.9987,models/glioblastoma_geoae_lam0.001/geoae_encoders/encoder_seed0_T50_B128_H64_W64_latent128_lambda0.001.pt,0.0071,0.0107,0.8339,0.9974,30.0832,4.3589
glioblastoma,geo_ae,0.001,1,z,5,0.0012,0.9987,models/glioblastoma_geoae_lam0.001/geoae_encoders/encoder_seed1_T50_B128_H64_W64_latent128_lambda0.001.pt,0.007,0.0104,0.8085,0.997,20.445,4.3589
glioblastoma,geo_ae,0.001,2,z,5,0.0011,0.9989,models/glioblastoma_geoae_lam0.001/geoae_encoders/encoder_seed2_T50_B128_H64_W64_latent128_lambda0.001.pt,0.0026,0.0039,0.8076,0.9968,13.4164,3.7417
glioblastoma,geo_ae,0.001,3,z,5,0.0006,0.9994,models/glioblastoma_geoae_lam0.001/geoae_encoders/encoder_seed3_T50_B128_H64_W64_latent128_lambda0.001.pt,0.0061,0.0091,0.8533,0.996,11.0905,4.4721
glioblastoma,geo_ae,0.001,4,z,5,0.001,0.999,models/glioblastoma_geoae_lam0.001/geoae_encoders/encoder_seed4_T50_B128_H64_W64_latent128_lambda0.001.pt,0.0077,0.0113,0.8345,0.9948,15.5563,3.1623
glioblastoma,geo_ae,0.005,0,z,5,0.0011,0.9989,models/glioblastoma_geoae_lam0.005/geoae_encoders/encoder_seed0_T50_B128_H64_W64_latent128_lambda0.005.pt,0.0073,0.0107,0.8586,0.997,12.2066,3.873
glioblastoma,geo_ae,0.005,1,z,5,0.0013,0.9987,models/glioblastoma_geoae_lam0.005/geoae_encoders/encoder_seed1_T50_B128_H64_W64_latent128_lambda0.005.pt,0.0066,0.0098,0.8384,0.9969,24.8596,1.7321
glioblastoma,geo_ae,0.005,2,z,5,0.0006,0.9994,models/glioblastoma_geoae_lam0.005/geoae_encoders/encoder_seed2_T50_B128_H64_W64_latent128_lambda0.005.pt,0.0019,0.0029,0.7693,0.9958,26.0,4.2426
glioblastoma,geo_ae,0.005,3,z,5,0.0014,0.9986,models/glioblastoma_geoae_lam0.005/geoae_encoders/encoder_seed3_T50_B128_H64_W64_latent128_lambda0.005.pt,0.006,0.009,0.8154,0.9911,16.3707,5.1962
glioblastoma,geo_ae,0.005,4,z,5,0.0014,0.9986,models/glioblastoma_geoae_lam0.005/geoae_encoders/encoder_seed4_T50_B128_H64_W64_latent128_lambda0.005.pt,0.0086,0.0126,0.8309,0.9951,16.0624,3.7417
glioblastoma,geo_ae,0.01,0,z,5,0.0011,0.9989,models/glioblastoma_geoae_lam0.01/geoae_encoders/encoder_seed0_T50_B128_H64_W64_latent128_lambda0.01.pt,0.0059,0.0087,0.8481,0.9958,16.9706,3.3166
glioblastoma,geo_ae,0.01,1,z,5,0.001,0.999,models/glioblastoma_geoae_lam0.01/geoae_encoders/encoder_seed1_T50_B128_H64_W64_latent128_lambda0.01.pt,0.0053,0.0079,0.8389,0.9957,18.5203,4.899
glioblastoma,geo_ae,0.01,2,z,5,0.0011,0.9989,models/glioblastoma_geoae_lam0.01/geoae_encoders/encoder_seed2_T50_B128_H64_W64_latent128_lambda0.01.pt,0.0017,0.0027,0.7932,0.9936,26.7395,3.1623
glioblastoma,geo_ae,0.01,3,z,5,0.0011,0.9989,models/glioblastoma_geoae_lam0.01/geoae_encoders/encoder_seed3_T50_B128_H64_W64_latent128_lambda0.01.pt,0.0044,0.0065,0.8353,0.9973,12.49,4.1231
glioblastoma,geo_ae,0.01,4,z,5,0.0014,0.9986,models/glioblastoma_geoae_lam0.01/geoae_encoders/encoder_seed4_T50_B128_H64_W64_latent128_lambda0.01.pt,0.0079,0.0116,0.8307,0.993,24.4949,6.245
glioblastoma,geo_ae,0.05,0,z,5,0.001,0.999,models/glioblastoma_geoae_lam0.05/geoae_encoders/encoder_seed0_T50_B128_H64_W64_latent128_lambda0.05.pt,0.0051,0.0075,0.8496,0.9967,11.0905,4.5826
glioblastoma,geo_ae,0.05,1,z,5,0.0008,0.9992,models/glioblastoma_geoae_lam0.05/geoae_encoders/encoder_seed1_T50_B128_H64_W64_latent128_lambda0.05.pt,0.0033,0.0049,0.8063,0.9962,30.0167,5.9161
glioblastoma,geo_ae,0.05,2,z,5,0.001,0.999,models/glioblastoma_geoae_lam0.05/geoae_encoders/encoder_seed2_T50_B128_H64_W64_latent128_lambda0.05.pt,0.0014,0.0022,0.8067,0.9947,22.7376,3.0
glioblastoma,geo_ae,0.05,3,z,5,0.0011,0.9989,models/glioblastoma_geoae_lam0.05/geoae_encoders/encoder_seed3_T50_B128_H64_W64_latent128_lambda0.05.pt,0.0042,0.0062,0.849,0.9967,14.5945,5.099
glioblastoma,geo_ae,0.05,4,z,5,0.0011,0.9989,models/glioblastoma_geoae_lam0.05/geoae_encoders/encoder_seed4_T50_B128_H64_W64_latent128_lambda0.05.pt,0.0054,0.008,0.8429,0.9972,16.1555,6.4031
glioblastoma,geo_ae,0.1,0,z,5,0.0015,0.9985,models/glioblastoma_geoae_lam0.1/geoae_encoders/encoder_seed0_T50_B128_H64_W64_latent128_lambda0.1.pt,0.0051,0.0074,0.8467,0.9949,15.0333,3.7417
glioblastoma,geo_ae,0.1,1,z,5,0.001,0.999,models/glioblastoma_geoae_lam0.1/geoae_encoders/encoder_seed1_T50_B128_H64_W64_latent128_lambda0.1.pt,0.0032,0.0048,0.832,0.997,27.7669,3.0
glioblastoma,geo_ae,0.1,2,z,5,0.0011,0.9989,models/glioblastoma_geoae_lam0.1/geoae_encoders/encoder_seed2_T50_B128_H64_W64_latent128_lambda0.1.pt,0.0014,0.0022,0.807,0.9915,23.6854,5.3852
glioblastoma,geo_ae,0.1,3,z,5,0.0013,0.9987,models/glioblastoma_geoae_lam0.1/geoae_encoders/encoder_seed3_T50_B128_H64_W64_latent128_lambda0.1.pt,0.0036,0.0054,0.8482,0.9973,10.0995,4.2426
glioblastoma,geo_ae,0.1,4,z,5,0.0009,0.9991,models/glioblastoma_geoae_lam0.1/geoae_encoders/encoder_seed4_T50_B128_H64_W64_latent128_lambda0.1.pt,0.0049,0.0073,0.8656,0.9958,11.1803,5.0
glioblastoma,geo_ae,0.2,0,z,5,0.0014,0.9986,models/glioblastoma_geoae_lam0.2/geoae_encoders/encoder_seed0_T50_B128_H64_W64_latent128_lambda0.2.pt,0.0045,0.0065,0.858,0.9957,7.9373,6.7082
glioblastoma,geo_ae,0.2,1,z,5,0.0009,0.9991,models/glioblastoma_geoae_lam0.2/geoae_encoders/encoder_seed1_T50_B128_H64_W64_latent128_lambda0.2.pt,0.0019,0.0029,0.7538,0.9924,35.9722,10.0995
glioblastoma,geo_ae,0.2,2,z,5,0.0011,0.9989,models/glioblastoma_geoae_lam0.2/geoae_encoders/encoder_seed2_T50_B128_H64_W64_latent128_lambda0.2.pt,0.0014,0.0022,0.8119,0.9929,25.4558,3.4641
glioblastoma,geo_ae,0.2,3,z,5,0.0012,0.9988,models/glioblastoma_geoae_lam0.2/geoae_encoders/encoder_seed3_T50_B128_H64_W64_latent128_lambda0.2.pt,0.0029,0.0043,0.8415,0.996,14.4914,3.7417
glioblastoma,geo_ae,0.2,4,z,5,0.0014,0.9986,models/glioblastoma_geoae_lam0.2/geoae_encoders/encoder_seed4_T50_B128_H64_W64_latent128_lambda0.2.pt,0.0044,0.0066,0.8365,0.9975,21.0476,5.099
glioblastoma,geo_ae,0.5,0,z,5,0.0019,0.9981,models/glioblastoma_geoae_lam0.5/geoae_encoders/encoder_seed0_T50_B128_H64_W64_latent128_lambda0.5.pt,0.0046,0.0067,0.8509,0.9956,12.8062,1.7321
glioblastoma,geo_ae,0.5,1,z,5,0.0011,0.9989,models/glioblastoma_geoae_lam0.5/geoae_encoders/encoder_seed1_T50_B128_H64_W64_latent128_lambda0.5.pt,0.0027,0.004,0.8135,0.995,34.2637,6.245
glioblastoma,geo_ae,0.5,2,z,5,0.0009,0.9991,models/glioblastoma_geoae_lam0.5/geoae_encoders/encoder_seed2_T50_B128_H64_W64_latent128_lambda0.5.pt,0.0014,0.0022,0.8155,0.9952,28.7924,5.831
glioblastoma,geo_ae,0.5,3,z,5,0.0014,0.9986,models/glioblastoma_geoae_lam0.5/geoae_encoders/encoder_seed3_T50_B128_H64_W64_latent128_lambda0.5.pt,0.0029,0.0043,0.8574,0.9964,13.8203,3.3166
glioblastoma,geo_ae,0.5,4,z,5,0.0011,0.9989,models/glioblastoma_geoae_lam0.5/geoae_encoders/encoder_seed4_T50_B128_H64_W64_latent128_lambda0.5.pt,0.0043,0.0065,0.8471,0.9956,25.4165,1.0
glioblastoma,geo_ae,0.7,0,z,5,0.0012,0.9988,models/glioblastoma_geoae_lam0.7/geoae_encoders/encoder_seed0_T50_B128_H64_W64_latent128_lambda0.7.pt,0.0046,0.0068,0.8523,0.9958,12.53,4.3589
glioblastoma,geo_ae,0.7,1,z,5,0.001,0.999,models/glioblastoma_geoae_lam0.7/geoae_encoders/encoder_seed1_T50_B128_H64_W64_latent128_lambda0.7.pt,0.0022,0.0033,0.7968,0.9948,31.1769,7.1414
glioblastoma,geo_ae,0.7,2,z,5,0.0011,0.9989,models/glioblastoma_geoae_lam0.7/geoae_encoders/encoder_seed2_T50_B128_H64_W64_latent128_lambda0.7.pt,0.0014,0.0022,0.812,0.9923,23.0651,5.4772
glioblastoma,geo_ae,0.7,3,z,5,0.0011,0.9989,models/glioblastoma_geoae_lam0.7/geoae_encoders/encoder_seed3_T50_B128_H64_W64_latent128_lambda0.7.pt,0.003,0.0045,0.8578,0.9966,17.5784,3.3166
glioblastoma,geo_ae,0.7,4,z,5,0.0013,0.9987,models/glioblastoma_geoae_lam0.7/geoae_encoders/encoder_seed4_T50_B128_H64_W64_latent128_lambda0.7.pt,0.0045,0.0068,0.8397,0.996,29.3428,2.0
glioblastoma,geo_ae,1.0,0,z,5,0.0015,0.9985,models/glioblastoma_geoae_lam1/geoae_encoders/encoder_seed0_T50_B128_H64_W64_latent128_lambda1.pt,0.0046,0.0068,0.8517,0.9965,11.4018,1.7321
glioblastoma,geo_ae,1.0,1,z,5,0.0014,0.9986,models/glioblastoma_geoae_lam1/geoae_encoders/encoder_seed1_T50_B128_H64_W64_latent128_lambda1.pt,0.002,0.0029,0.735,0.9927,32.3883,8.6023
glioblastoma,geo_ae,1.0,2,z,5,0.0009,0.9991,models/glioblastoma_geoae_lam1/geoae_encoders/encoder_seed2_T50_B128_H64_W64_latent128_lambda1.pt,0.0014,0.0021,0.812,0.9958,20.0,2.6458
glioblastoma,geo_ae,1.0,3,z,5,0.001,0.999,models/glioblastoma_geoae_lam1/geoae_encoders/encoder_seed3_T50_B128_H64_W64_latent128_lambda1.pt,0.0029,0.0044,0.8523,0.9959,16.5831,1.4142
glioblastoma,geo_ae,1.0,4,z,5,0.0013,0.9987,models/glioblastoma_geoae_lam1/geoae_encoders/encoder_seed4_T50_B128_H64_W64_latent128_lambda1.pt,0.0045,0.0068,0.8685,0.9956,17.2337,4.1231
hela,geo_ae,0.0,0,z,5,0.0369,0.9504,models/hela_geoae_lam0/geoae_encoders/encoder_seed0_T50_B14_H64_W64_latent128_lambda0.pt,0.0775,0.1362,0.991,0.9536,234.3267,2.0
hela,geo_ae,0.0,1,z,5,0.0422,0.9422,models/hela_geoae_lam0/geoae_encoders/encoder_seed1_T50_B14_H64_W64_latent128_lambda0.pt,0.0794,0.1395,0.9906,0.9545,235.7096,2.4495
hela,geo_ae,0.0,2,z,5,0.0113,0.987,models/hela_geoae_lam0/geoae_encoders/encoder_seed2_T50_B14_H64_W64_latent128_lambda0.pt,0.0294,0.0509,0.9502,0.9655,229.3556,2.4495
hela,geo_ae,0.0,3,z,5,0.0392,0.9473,models/hela_geoae_lam0/geoae_encoders/encoder_seed3_T50_B14_H64_W64_latent128_lambda0.pt,0.0699,0.1226,0.9886,0.9556,241.6154,2.4495
hela,geo_ae,0.0,4,z,5,0.0425,0.9425,models/hela_geoae_lam0/geoae_encoders/encoder_seed4_T50_B14_H64_W64_latent128_lambda0.pt,0.0804,0.1411,0.9889,0.9547,238.4492,1.7321
hela,geo_ae,0.0005,0,z,5,0.0126,0.9853,models/hela_geoae_lam0.0005/geoae_encoders/encoder_seed0_T50_B14_H64_W64_latent128_lambda0.0005.pt,0.0392,0.0685,0.9908,0.9637,191.1753,1.7321
hela,geo_ae,0.0005,1,z,5,0.027,0.9649,models/hela_geoae_lam0.0005/geoae_encoders/encoder_seed1_T50_B14_H64_W64_latent128_lambda0.0005.pt,0.0605,0.1065,0.9901,0.9583,235.2403,2.6458
hela,geo_ae,0.0005,2,z,5,0.0041,0.9959,models/hela_geoae_lam0.0005/geoae_encoders/encoder_seed2_T50_B14_H64_W64_latent128_lambda0.0005.pt,0.0122,0.0211,0.9587,0.9761,124.8799,2.8284
hela,geo_ae,0.0005,3,z,5,0.0211,0.9737,models/hela_geoae_lam0.0005/geoae_encoders/encoder_seed3_T50_B14_H64_W64_latent128_lambda0.0005.pt,0.0441,0.0772,0.9866,0.9606,224.6953,2.0
hela,geo_ae,0.0005,4,z,5,0.0197,0.9758,models/hela_geoae_lam0.0005/geoae_encoders/encoder_seed4_T50_B14_H64_W64_latent128_lambda0.0005.pt,0.051,0.0896,0.99,0.9617,220.9661,2.2361
hela,geo_ae,0.001,0,z,5,0.0028,0.997,models/hela_geoae_lam0.001/geoae_encoders/encoder_seed0_T50_B14_H64_W64_latent128_lambda0.001.pt,0.0232,0.0403,0.9904,0.9745,67.2012,4.4721
hela,geo_ae,0.001,1,z,5,0.0277,0.9647,models/hela_geoae_lam0.001/geoae_encoders/encoder_seed1_T50_B14_H64_W64_latent128_lambda0.001.pt,0.0525,0.0923,0.99,0.9583,235.2424,2.4495
hela,geo_ae,0.001,2,z,5,0.0053,0.9948,models/hela_geoae_lam0.001/geoae_encoders/encoder_seed2_T50_B14_H64_W64_latent128_lambda0.001.pt,0.0107,0.0185,0.9351,0.979,116.4903,3.1623
hela,geo_ae,0.001,3,z,5,0.0189,0.9771,models/hela_geoae_lam0.001/geoae_encoders/encoder_seed3_T50_B14_H64_W64_latent128_lambda0.001.pt,0.0361,0.063,0.9872,0.9634,214.9163,2.2361
hela,geo_ae,0.001,4,z,5,0.0169,0.9796,models/hela_geoae_lam0.001/geoae_encoders/encoder_seed4_T50_B14_H64_W64_latent128_lambda0.001.pt,0.0446,0.0783,0.9898,0.9621,213.1877,3.7417
hela,geo_ae,0.005,0,z,5,0.0017,0.9983,models/hela_geoae_lam0.005/geoae_encoders/encoder_seed0_T50_B14_H64_W64_latent128_lambda0.005.pt,0.0183,0.0316,0.96,0.9757,87.6413,7.4162
hela,geo_ae,0.005,1,z,5,0.0108,0.9875,models/hela_geoae_lam0.005/geoae_encoders/encoder_seed1_T50_B14_H64_W64_latent128_lambda0.005.pt,0.0245,0.0429,0.9875,0.97,173.5108,3.873
hela,geo_ae,0.005,2,z,5,0.0073,0.9928,models/hela_geoae_lam0.005/geoae_encoders/encoder_seed2_T50_B14_H64_W64_latent128_lambda0.005.pt,0.0085,0.0148,0.908,0.9782,96.7109,3.3166
hela,geo_ae,0.005,3,z,5,0.0054,0.9941,models/hela_geoae_lam0.005/geoae_encoders/encoder_seed3_T50_B14_H64_W64_latent128_lambda0.005.pt,0.0156,0.027,0.9926,0.9797,64.195,5.9161
hela,geo_ae,0.005,4,z,5,0.009,0.9898,models/hela_geoae_lam0.005/geoae_encoders/encoder_seed4_T50_B14_H64_W64_latent128_lambda0.005.pt,0.0242,0.0423,0.9906,0.974,151.842,3.873
hela,geo_ae,0.01,0,z,5,0.0013,0.9987,models/hela_geoae_lam0.01/geoae_encoders/encoder_seed0_T50_B14_H64_W64_latent128_lambda0.01.pt,0.0168,0.029,0.9247,0.9757,101.2571,4.3589
hela,geo_ae,0.01,1,z,5,0.0078,0.9913,models/hela_geoae_lam0.01/geoae_encoders/encoder_seed1_T50_B14_H64_W64_latent128_lambda0.01.pt,0.0157,0.0274,0.9814,0.9751,84.4334,3.3166
hela,geo_ae,0.01,2,z,5,0.0079,0.9923,models/hela_geoae_lam0.01/geoae_encoders/encoder_seed2_T50_B14_H64_W64_latent128_lambda0.01.pt,0.008,0.0139,0.8898,0.9793,100.5187,5.4772
hela,geo_ae,0.01,3,z,5,0.0038,0.996,models/hela_geoae_lam0.01/geoae_encoders/encoder_seed3_T50_B14_H64_W64_latent128_lambda0.01.pt,0.0124,0.0215,0.9851,0.9821,30.5778,5.5678
hela,geo_ae,0.01,4,z,5,0.0058,0.9937,models/hela_geoae_lam0.01/geoae_encoders/encoder_seed4_T50_B14_H64_W64_latent128_lambda0.01.pt,0.0168,0.029,0.9911,0.9812,40.6694,5.1962
hela,geo_ae,0.05,0,z,5,0.0026,0.9974,models/hela_geoae_lam0.05/geoae_encoders/encoder_seed0_T50_B14_H64_W64_latent128_lambda0.05.pt,0.0132,0.0228,0.9679,0.9802,78.1089,3.1623
hela,geo_ae,0.05,1,z,5,0.0063,0.9932,models/hela_geoae_lam0.05/geoae_encoders/encoder_seed1_T50_B14_H64_W64_latent128_lambda0.05.pt,0.0099,0.0171,0.9883,0.9789,19.7231,5.0
hela,geo_ae,0.05,2,z,5,0.0095,0.9907,models/hela_geoae_lam0.05/geoae_encoders/encoder_seed2_T50_B14_H64_W64_latent128_lambda0.05.pt,0.0078,0.0135,0.8778,0.9793,99.6193,4.5826
hela,geo_ae,0.05,3,z,5,0.0065,0.9934,models/hela_geoae_lam0.05/geoae_encoders/encoder_seed3_T50_B14_H64_W64_latent128_lambda0.05.pt,0.011,0.0191,0.9126,0.9793,52.0577,6.245
hela,geo_ae,0.05,4,z,5,0.0082,0.9918,models/hela_geoae_lam0.05/geoae_encoders/encoder_seed4_T50_B14_H64_W64_latent128_lambda0.05.pt,0.0128,0.022,0.9955,0.9819,18.4391,4.0
hela,geo_ae,0.1,0,z,5,0.0035,0.9966,models/hela_geoae_lam0.1/geoae_encoders/encoder_seed0_T50_B14_H64_W64_latent128_lambda0.1.pt,0.0128,0.0221,0.9399,0.981,86.4407,3.4641
hela,geo_ae,0.1,1,z,5,0.0067,0.9928,models/hela_geoae_lam0.1/geoae_encoders/encoder_seed1_T50_B14_H64_W64_latent128_lambda0.1.pt,0.0091,0.0156,0.9903,0.9801,35.5528,5.2915
hela,geo_ae,0.1,2,z,5,0.0103,0.99,models/hela_geoae_lam0.1/geoae_encoders/encoder_seed2_T50_B14_H64_W64_latent128_lambda0.1.pt,0.0077,0.0134,0.8793,0.9797,95.6138,3.3166
hela,geo_ae,0.1,3,z,5,0.0072,0.9926,models/hela_geoae_lam0.1/geoae_encoders/encoder_seed3_T50_B14_H64_W64_latent128_lambda0.1.pt,0.0109,0.0189,0.9061,0.9805,50.6853,5.4772
hela,geo_ae,0.1,4,z,5,0.0116,0.9883,models/hela_geoae_lam0.1/geoae_encoders/encoder_seed4_T50_B14_H64_W64_latent128_lambda0.1.pt,0.013,0.0223,0.9953,0.982,13.6015,6.245
hela,geo_ae,0.2,0,z,5,0.0043,0.9958,models/hela_geoae_lam0.2/geoae_encoders/encoder_seed0_T50_B14_H64_W64_latent128_lambda0.2.pt,0.0124,0.0213,0.9288,0.9806,88.0909,5.1962
hela,geo_ae,0.2,1,z,5,0.0074,0.9921,models/hela_geoae_lam0.2/geoae_encoders/encoder_seed1_T50_B14_H64_W64_latent128_lambda0.2.pt,0.0084,0.0145,0.9919,0.979,64.4593,4.0
hela,geo_ae,0.2,2,z,5,0.0111,0.9892,models/hela_geoae_lam0.2/geoae_encoders/encoder_seed2_T50_B14_H64_W64_latent128_lambda0.2.pt,0.0077,0.0134,0.8793,0.9794,95.9635,3.873
hela,geo_ae,0.2,3,z,5,0.0102,0.9897,models/hela_geoae_lam0.2/geoae_encoders/encoder_seed3_T50_B14_H64_W64_latent128_lambda0.2.pt,0.011,0.0189,0.9095,0.9807,47.8748,4.899
hela,geo_ae,0.2,4,z,5,0.0124,0.9874,models/hela_geoae_lam0.2/geoae_encoders/encoder_seed4_T50_B14_H64_W64_latent128_lambda0.2.pt,0.0129,0.0221,0.9948,0.9806,19.5448,6.0
hela,geo_ae,0.5,0,z,5,0.0042,0.996,models/hela_geoae_lam0.5/geoae_encoders/encoder_seed0_T50_B14_H64_W64_latent128_lambda0.5.pt,0.0124,0.0213,0.9264,0.9788,77.5306,4.6904
hela,geo_ae,0.5,1,z,5,0.0069,0.9927,models/hela_geoae_lam0.5/geoae_encoders/encoder_seed1_T50_B14_H64_W64_latent128_lambda0.5.pt,0.0085,0.0146,0.9889,0.9803,35.609,4.5826
hela,geo_ae,0.5,2,z,5,0.0111,0.9892,models/hela_geoae_lam0.5/geoae_encoders/encoder_seed2_T50_B14_H64_W64_latent128_lambda0.5.pt,0.0078,0.0136,0.8856,0.9793,91.4768,4.0
hela,geo_ae,0.5,3,z,5,0.0108,0.9891,models/hela_geoae_lam0.5/geoae_encoders/encoder_seed3_T50_B14_H64_W64_latent128_lambda0.5.pt,0.0109,0.0189,0.9095,0.9804,47.9896,3.4641
hela,geo_ae,0.5,4,z,5,0.0136,0.9862,models/hela_geoae_lam0.5/geoae_encoders/encoder_seed4_T50_B14_H64_W64_latent128_lambda0.5.pt,0.0129,0.0221,0.9951,0.9798,17.4069,6.9282
hela,geo_ae,0.7,0,z,5,0.0045,0.9957,models/hela_geoae_lam0.7/geoae_encoders/encoder_seed0_T50_B14_H64_W64_latent128_lambda0.7.pt,0.0123,0.0211,0.9274,0.9787,75.306,5.7446
hela,geo_ae,0.7,1,z,5,0.0074,0.9923,models/hela_geoae_lam0.7/geoae_encoders/encoder_seed1_T50_B14_H64_W64_latent128_lambda0.7.pt,0.0083,0.0143,0.9886,0.98,59.5063,5.2915
hela,geo_ae,0.7,2,z,5,0.012,0.9883,models/hela_geoae_lam0.7/geoae_encoders/encoder_seed2_T50_B14_H64_W64_latent128_lambda0.7.pt,0.0078,0.0136,0.8872,0.9794,93.659,4.0
hela,geo_ae,0.7,3,z,5,0.0115,0.9884,models/hela_geoae_lam0.7/geoae_encoders/encoder_seed3_T50_B14_H64_W64_latent128_lambda0.7.pt,0.011,0.019,0.9155,0.9792,46.3033,3.1623
hela,geo_ae,0.7,4,z,5,0.0127,0.9871,models/hela_geoae_lam0.7/geoae_encoders/encoder_seed4_T50_B14_H64_W64_latent128_lambda0.7.pt,0.0131,0.0224,0.9953,0.9802,24.0,5.099
hela,geo_ae,1.0,0,z,5,0.0045,0.9957,models/hela_geoae_lam1/geoae_encoders/encoder_seed0_T50_B14_H64_W64_latent128_lambda1.pt,0.0126,0.0218,0.9433,0.9805,77.1168,5.4772
hela,geo_ae,1.0,1,z,5,0.0068,0.9929,models/hela_geoae_lam1/geoae_encoders/encoder_seed1_T50_B14_H64_W64_latent128_lambda1.pt,0.0083,0.0144,0.9889,0.9806,41.5572,5.1962
hela,geo_ae,1.0,2,z,5,0.0111,0.9892,models/hela_geoae_lam1/geoae_encoders/encoder_seed2_T50_B14_H64_W64_latent128_lambda1.pt,0.0078,0.0135,0.8861,0.9793,91.0439,4.1231
hela,geo_ae,1.0,3,z,5,0.0113,0.9886,models/hela_geoae_lam1/geoae_encoders/encoder_seed3_T50_B14_H64_W64_latent128_lambda1.pt,0.0112,0.0193,0.9164,0.98,42.5206,4.1231
hela,geo_ae,1.0,4,z,5,0.0136,0.9862,models/hela_geoae_lam1/geoae_encoders/encoder_seed4_T50_B14_H64_W64_latent128_lambda1.pt,0.0128,0.022,0.995,0.9801,11.1355,5.4772
lorenz96,geo_ae,0.0,0,z,5,0.0023,0.9977,models/lorenz96_geoae_lam0/geoae_encoders/encoder_seed0_T100_B512_H64_W64_latent64_lambda0.pt,0.031,0.0178,0.4741,0.9089,126.9488,70.8943
lorenz96,geo_ae,0.0,1,z,5,0.0048,0.9952,models/lorenz96_geoae_lam0/geoae_encoders/encoder_seed1_T100_B512_H64_W64_latent64_lambda0.pt,0.0621,0.0319,0.3505,0.8636,152.1479,83.4865
lorenz96,geo_ae,0.0,2,z,5,0.0035,0.9965,models/lorenz96_geoae_lam0/geoae_encoders/encoder_seed2_T100_B512_H64_W64_latent64_lambda0.pt,0.033,0.0227,0.2321,0.8345,108.3005,80.5543
lorenz96,geo_ae,0.0,3,z,5,0.0017,0.9983,models/lorenz96_geoae_lam0/geoae_encoders/encoder_seed3_T100_B512_H64_W64_latent64_lambda0.pt,0.0307,0.0252,0.3519,0.8718,217.4028,87.1493
lorenz96,geo_ae,0.0,4,z,5,0.0033,0.9967,models/lorenz96_geoae_lam0/geoae_encoders/encoder_seed4_T100_B512_H64_W64_latent64_lambda0.pt,0.0336,0.0165,0.446,0.889,114.1709,88.8594
lorenz96,geo_ae,0.0005,0,z,5,0.0028,0.9972,models/lorenz96_geoae_lam0.0005/geoae_encoders/encoder_seed0_T100_B512_H64_W64_latent64_lambda0.0005.pt,0.0293,0.0198,0.5813,0.9252,129.1936,100.2646
lorenz96,geo_ae,0.0005,1,z,5,0.0032,0.9968,models/lorenz96_geoae_lam0.0005/geoae_encoders/encoder_seed1_T100_B512_H64_W64_latent64_lambda0.0005.pt,0.0487,0.0246,0.3828,0.8783,159.6152,87.51
lorenz96,geo_ae,0.0005,2,z,5,0.0034,0.9966,models/lorenz96_geoae_lam0.0005/geoae_encoders/encoder_seed2_T100_B512_H64_W64_latent64_lambda0.0005.pt,0.0229,0.0155,0.3456,0.876,83.3787,50.8822
lorenz96,geo_ae,0.0005,3,z,5,0.0019,0.9981,models/lorenz96_geoae_lam0.0005/geoae_encoders/encoder_seed3_T100_B512_H64_W64_latent64_lambda0.0005.pt,0.0272,0.0217,0.3441,0.8936,200.065,88.4251
lorenz96,geo_ae,0.0005,4,z,5,0.0024,0.9976,models/lorenz96_geoae_lam0.0005/geoae_encoders/encoder_seed4_T100_B512_H64_W64_latent64_lambda0.0005.pt,0.0237,0.0121,0.5588,0.9164,114.8913,55.0182
lorenz96,geo_ae,0.001,0,z,5,0.0017,0.9983,models/lorenz96_geoae_lam0.001/geoae_encoders/encoder_seed0_T100_B512_H64_W64_latent64_lambda0.001.pt,0.0306,0.0212,0.5149,0.9235,121.9631,90.1443
lorenz96,geo_ae,0.001,1,z,5,0.0029,0.9971,models/lorenz96_geoae_lam0.001/geoae_encoders/encoder_seed1_T100_B512_H64_W64_latent64_lambda0.001.pt,0.0362,0.018,0.443,0.8965,136.5687,82.6196
lorenz96,geo_ae,0.001,2,z,5,0.002,0.998,models/lorenz96_geoae_lam0.001/geoae_encoders/encoder_seed2_T100_B512_H64_W64_latent64_lambda0.001.pt,0.0169,0.0112,0.4824,0.9088,73.212,43.795
lorenz96,geo_ae,0.001,3,z,5,0.0021,0.9979,models/lorenz96_geoae_lam0.001/geoae_encoders/encoder_seed3_T100_B512_H64_W64_latent64_lambda0.001.pt,0.0213,0.0157,0.5021,0.9281,170.4787,60.8441
lorenz96,geo_ae,0.001,4,z,5,0.0021,0.9979,models/lorenz96_geoae_lam0.001/geoae_encoders/encoder_seed4_T100_B512_H64_W64_latent64_lambda0.001.pt,0.0201,0.0111,0.695,0.9395,51.9808,73.4711
lorenz96,geo_ae,0.005,0,z,5,0.0018,0.9982,models/lorenz96_geoae_lam0.005/geoae_encoders/encoder_seed0_T100_B512_H64_W64_latent64_lambda0.005.pt,0.0203,0.0122,0.7772,0.9706,40.1871,68.4032
lorenz96,geo_ae,0.005,1,z,5,0.0021,0.9979,models/lorenz96_geoae_lam0.005/geoae_encoders/encoder_seed1_T100_B512_H64_W64_latent64_lambda0.005.pt,0.0144,0.008,0.8176,0.973,45.8803,16.6433
lorenz96,geo_ae,0.005,2,z,5,0.0022,0.9978,models/lorenz96_geoae_lam0.005/geoae_encoders/encoder_seed2_T100_B512_H64_W64_latent64_lambda0.005.pt,0.0074,0.0044,0.8475,0.9781,26.6833,5.831
lorenz96,geo_ae,0.005,3,z,5,0.0017,0.9983,models/lorenz96_geoae_lam0.005/geoae_encoders/encoder_seed3_T100_B512_H64_W64_latent64_lambda0.005.pt,0.0108,0.0066,0.8188,0.9771,35.1426,28.8791
lorenz96,geo_ae,0.005,4,z,5,0.0021,0.9979,models/lorenz96_geoae_lam0.005/geoae_encoders/encoder_seed4_T100_B512_H64_W64_latent64_lambda0.005.pt,0.0166,0.0103,0.8051,0.9742,48.3942,30.8869
lorenz96,geo_ae,0.01,0,z,5,0.0012,0.9988,models/lorenz96_geoae_lam0.01/geoae_encoders/encoder_seed0_T100_B512_H64_W64_latent64_lambda0.01.pt,0.0134,0.0078,0.8691,0.9835,83.3067,23.7065
lorenz96,geo_ae,0.01,1,z,5,0.002,0.998,models/lorenz96_geoae_lam0.01/geoae_encoders/encoder_seed1_T100_B512_H64_W64_latent64_lambda0.01.pt,0.0102,0.006,0.8347,0.9804,11.0454,28.3901
lorenz96,geo_ae,0.01,2,z,5,0.0016,0.9984,models/lorenz96_geoae_lam0.01/geoae_encoders/encoder_seed2_T100_B512_H64_W64_latent64_lambda0.01.pt,0.0042,0.0025,0.8938,0.986,31.749,14.9666
lorenz96,geo_ae,0.01,3,z,5,0.0014,0.9986,models/lorenz96_geoae_lam0.01/geoae_encoders/encoder_seed3_T100_B512_H64_W64_latent64_lambda0.01.pt,0.0079,0.005,0.8688,0.9861,29.8831,41.1582
lorenz96,geo_ae,0.01,4,z,5,0.0014,0.9986,models/lorenz96_geoae_lam0.01/geoae_encoders/encoder_seed4_T100_B512_H64_W64_latent64_lambda0.01.pt,0.0133,0.0081,0.8629,0.983,32.218,24.1868
lorenz96,geo_ae,0.05,0,z,5,0.0018,0.9982,models/lorenz96_geoae_lam0.05/geoae_encoders/encoder_seed0_T100_B512_H64_W64_latent64_lambda0.05.pt,0.0033,0.002,0.9347,0.9941,16.7033,43.0929
lorenz96,geo_ae,0.05,1,z,5,0.0011,0.9989,models/lorenz96_geoae_lam0.05/geoae_encoders/encoder_seed1_T100_B512_H64_W64_latent64_lambda0.05.pt,0.0027,0.002,0.8821,0.9866,25.318,25.7294
lorenz96,geo_ae,0.05,2,z,5,0.0014,0.9986,models/lorenz96_geoae_lam0.05/geoae_encoders/encoder_seed2_T100_B512_H64_W64_latent64_lambda0.05.pt,0.0007,0.0005,0.9171,0.9918,18.6279,27.3679
lorenz96,geo_ae,0.05,3,z,5,0.0016,0.9984,models/lorenz96_geoae_lam0.05/geoae_encoders/encoder_seed3_T100_B512_H64_W64_latent64_lambda0.05.pt,0.0032,0.0021,0.9275,0.9931,9.9499,11.4455
lorenz96,geo_ae,0.05,4,z,5,0.0013,0.9987,models/lorenz96_geoae_lam0.05/geoae_encoders/encoder_seed4_T100_B512_H64_W64_latent64_lambda0.05.pt,0.0034,0.0022,0.9295,0.9924,10.4881,18.3848
lorenz96,geo_ae,0.1,0,z,5,0.0018,0.9982,models/lorenz96_geoae_lam0.1/geoae_encoders/encoder_seed0_T100_B512_H64_W64_latent64_lambda0.1.pt,0.002,0.0013,0.9213,0.9925,23.1733,24.2074
lorenz96,geo_ae,0.1,1,z,5,0.001,0.999,models/lorenz96_geoae_lam0.1/geoae_encoders/encoder_seed1_T100_B512_H64_W64_latent64_lambda0.1.pt,0.0014,0.0011,0.8879,0.9888,96.2445,41.2311
lorenz96,geo_ae,0.1,2,z,5,0.0008,0.9992,models/lorenz96_geoae_lam0.1/geoae_encoders/encoder_seed2_T100_B512_H64_W64_latent64_lambda0.1.pt,0.0005,0.0003,0.8895,0.9896,78.8099,21.2132
lorenz96,geo_ae,0.1,3,z,5,0.0012,0.9988,models/lorenz96_geoae_lam0.1/geoae_encoders/encoder_seed3_T100_B512_H64_W64_latent64_lambda0.1.pt,0.0019,0.0013,0.9382,0.9945,32.5576,11.1803
lorenz96,geo_ae,0.1,4,z,5,0.0013,0.9987,models/lorenz96_geoae_lam0.1/geoae_encoders/encoder_seed4_T100_B512_H64_W64_latent64_lambda0.1.pt,0.0017,0.0012,0.9189,0.9924,21.9317,16.5831
lorenz96,geo_ae,0.2,0,z,5,0.0011,0.9989,models/lorenz96_geoae_lam0.2/geoae_encoders/encoder_seed0_T100_B512_H64_W64_latent64_lambda0.2.pt,0.0014,0.001,0.8384,0.982,12.4499,49.7393
lorenz96,geo_ae,0.2,1,z,5,0.0011,0.9989,models/lorenz96_geoae_lam0.2/geoae_encoders/encoder_seed1_T100_B512_H64_W64_latent64_lambda0.2.pt,0.0009,0.0007,0.8071,0.976,56.3915,22.7596
lorenz96,geo_ae,0.2,2,z,5,0.0014,0.9986,models/lorenz96_geoae_lam0.2/geoae_encoders/encoder_seed2_T100_B512_H64_W64_latent64_lambda0.2.pt,0.0004,0.0003,0.9026,0.9916,37.7094,36.8511
lorenz96,geo_ae,0.2,3,z,5,0.0008,0.9992,models/lorenz96_geoae_lam0.2/geoae_encoders/encoder_seed3_T100_B512_H64_W64_latent64_lambda0.2.pt,0.0009,0.0007,0.8648,0.9878,4.2426,27.2947
lorenz96,geo_ae,0.2,4,z,5,0.0011,0.9989,models/lorenz96_geoae_lam0.2/geoae_encoders/encoder_seed4_T100_B512_H64_W64_latent64_lambda0.2.pt,0.0009,0.0007,0.886,0.9886,29.1719,24.2899
lorenz96,geo_ae,0.5,0,z,5,0.0012,0.9988,models/lorenz96_geoae_lam0.5/geoae_encoders/encoder_seed0_T100_B512_H64_W64_latent64_lambda0.5.pt,0.0008,0.0006,0.7877,0.9698,24.6374,18.7083
lorenz96,geo_ae,0.5,1,z,5,0.0007,0.9993,models/lorenz96_geoae_lam0.5/geoae_encoders/encoder_seed1_T100_B512_H64_W64_latent64_lambda0.5.pt,0.0005,0.0004,0.7447,0.9632,46.0543,23.1517
lorenz96,geo_ae,0.5,2,z,5,0.0015,0.9985,models/lorenz96_geoae_lam0.5/geoae_encoders/encoder_seed2_T100_B512_H64_W64_latent64_lambda0.5.pt,0.0003,0.0002,0.8877,0.989,68.0882,19.6723
lorenz96,geo_ae,0.5,3,z,5,0.0011,0.9989,models/lorenz96_geoae_lam0.5/geoae_encoders/encoder_seed3_T100_B512_H64_W64_latent64_lambda0.5.pt,0.0006,0.0005,0.8107,0.9764,35.4542,27.7669
lorenz96,geo_ae,0.5,4,z,5,0.0011,0.9989,models/lorenz96_geoae_lam0.5/geoae_encoders/encoder_seed4_T100_B512_H64_W64_latent64_lambda0.5.pt,0.0006,0.0004,0.8558,0.9841,11.4455,47.5079
lorenz96,geo_ae,0.7,0,z,5,0.0015,0.9985,models/lorenz96_geoae_lam0.7/geoae_encoders/encoder_seed0_T100_B512_H64_W64_latent64_lambda0.7.pt,0.0007,0.0006,0.8056,0.9743,47.1805,34.2199
lorenz96,geo_ae,0.7,1,z,5,0.0011,0.9989,models/lorenz96_geoae_lam0.7/geoae_encoders/encoder_seed1_T100_B512_H64_W64_latent64_lambda0.7.pt,0.0004,0.0004,0.7627,0.958,19.8494,16.4317
lorenz96,geo_ae,0.7,2,z,5,0.0017,0.9983,models/lorenz96_geoae_lam0.7/geoae_encoders/encoder_seed2_T100_B512_H64_W64_latent64_lambda0.7.pt,0.0003,0.0002,0.9044,0.9911,9.7468,8.6023
lorenz96,geo_ae,0.7,3,z,5,0.0012,0.9988,models/lorenz96_geoae_lam0.7/geoae_encoders/encoder_seed3_T100_B512_H64_W64_latent64_lambda0.7.pt,0.0005,0.0005,0.8189,0.9765,40.0749,25.6905
lorenz96,geo_ae,0.7,4,z,5,0.0009,0.9991,models/lorenz96_geoae_lam0.7/geoae_encoders/encoder_seed4_T100_B512_H64_W64_latent64_lambda0.7.pt,0.0004,0.0004,0.8364,0.9808,12.1244,19.0526
lorenz96,geo_ae,1.0,0,z,5,0.0015,0.9985,models/lorenz96_geoae_lam1/geoae_encoders/encoder_seed0_T100_B512_H64_W64_latent64_lambda1.pt,0.0005,0.0004,0.7514,0.9613,11.9583,27.9464
lorenz96,geo_ae,1.0,1,z,5,0.0015,0.9985,models/lorenz96_geoae_lam1/geoae_encoders/encoder_seed1_T100_B512_H64_W64_latent64_lambda1.pt,0.0004,0.0004,0.767,0.9664,57.6715,39.9375
lorenz96,geo_ae,1.0,2,z,5,0.0013,0.9987,models/lorenz96_geoae_lam1/geoae_encoders/encoder_seed2_T100_B512_H64_W64_latent64_lambda1.pt,0.0003,0.0002,0.8853,0.9889,24.6779,36.5377
lorenz96,geo_ae,1.0,3,z,5,0.0017,0.9983,models/lorenz96_geoae_lam1/geoae_encoders/encoder_seed3_T100_B512_H64_W64_latent64_lambda1.pt,0.0004,0.0004,0.7891,0.9708,15.3297,80.1374
lorenz96,geo_ae,1.0,4,z,5,0.0011,0.9989,models/lorenz96_geoae_lam1/geoae_encoders/encoder_seed4_T100_B512_H64_W64_latent64_lambda1.pt,0.0003,0.0003,0.8235,0.9776,47.5395,31.4006
moving_mnist,geo_ae,0.0,0,z,5,0.0034,0.9966,models/moving_mnist_geoae_lam0/geoae_encoders/encoder_seed0_T20_B1000_H64_W64_latent48_lambda0.pt,0.3997,0.4087,0.2485,0.8009,241.5161,17.4642
moving_mnist,geo_ae,0.0,1,z,5,0.0065,0.9936,models/moving_mnist_geoae_lam0/geoae_encoders/encoder_seed1_T20_B1000_H64_W64_latent48_lambda0.pt,0.5962,0.6091,0.2402,0.7934,227.4115,19.3649
moving_mnist,geo_ae,0.0,2,z,5,0.003,0.997,models/moving_mnist_geoae_lam0/geoae_encoders/encoder_seed2_T20_B1000_H64_W64_latent48_lambda0.pt,0.323,0.3472,0.2419,0.7953,251.9643,24.2074
moving_mnist,geo_ae,0.0,3,z,5,0.0033,0.9967,models/moving_mnist_geoae_lam0/geoae_encoders/encoder_seed3_T20_B1000_H64_W64_latent48_lambda0.pt,0.3768,0.3815,0.2371,0.799,271.8143,18.5203
moving_mnist,geo_ae,0.0,4,z,5,0.0064,0.9937,models/moving_mnist_geoae_lam0/geoae_encoders/encoder_seed4_T20_B1000_H64_W64_latent48_lambda0.pt,0.5354,0.5397,0.2602,0.7953,250.3977,16.9411
moving_mnist,geo_ae,0.0005,0,z,5,0.0014,0.9986,models/moving_mnist_geoae_lam0.0005/geoae_encoders/encoder_seed0_T20_B1000_H64_W64_latent48_lambda0.0005.pt,0.1999,0.2041,0.3216,0.8236,246.258,18.4932
moving_mnist,geo_ae,0.0005,1,z,5,0.0054,0.9947,models/moving_mnist_geoae_lam0.0005/geoae_encoders/encoder_seed1_T20_B1000_H64_W64_latent48_lambda0.0005.pt,0.4573,0.4406,0.2856,0.8113,227.5742,21.9317
moving_mnist,geo_ae,0.0005,2,z,5,0.0012,0.9988,models/moving_mnist_geoae_lam0.0005/geoae_encoders/encoder_seed2_T20_B1000_H64_W64_latent48_lambda0.0005.pt,0.1478,0.1695,0.2942,0.8301,250.2019,27.1109
moving_mnist,geo_ae,0.0005,3,z,5,0.0018,0.9982,models/moving_mnist_geoae_lam0.0005/geoae_encoders/encoder_seed3_T20_B1000_H64_W64_latent48_lambda0.0005.pt,0.2262,0.2223,0.3326,0.8161,276.6604,23.2379
moving_mnist,geo_ae,0.0005,4,z,5,0.0038,0.9963,models/moving_mnist_geoae_lam0.0005/geoae_encoders/encoder_seed4_T20_B1000_H64_W64_latent48_lambda0.0005.pt,0.3413,0.3323,0.2872,0.8131,278.6234,17.2916
moving_mnist,geo_ae,0.001,0,z,5,0.0008,0.9992,models/moving_mnist_geoae_lam0.001/geoae_encoders/encoder_seed0_T20_B1000_H64_W64_latent48_lambda0.001.pt,0.1028,0.1295,0.6342,0.9117,144.7826,35.7071
moving_mnist,geo_ae,0.001,1,z,5,0.0038,0.9962,models/moving_mnist_geoae_lam0.001/geoae_encoders/encoder_seed1_T20_B1000_H64_W64_latent48_lambda0.001.pt,0.3526,0.3294,0.3428,0.825,266.156,28.8097
moving_mnist,geo_ae,0.001,2,z,5,0.001,0.999,models/moving_mnist_geoae_lam0.001/geoae_encoders/encoder_seed2_T20_B1000_H64_W64_latent48_lambda0.001.pt,0.0718,0.0955,0.4987,0.896,139.4382,25.0599
moving_mnist,geo_ae,0.001,3,z,5,0.0007,0.9993,models/moving_mnist_geoae_lam0.001/geoae_encoders/encoder_seed3_T20_B1000_H64_W64_latent48_lambda0.001.pt,0.0789,0.107,0.5312,0.8987,194.2962,32.218
moving_mnist,geo_ae,0.001,4,z,5,0.0025,0.9975,models/moving_mnist_geoae_lam0.001/geoae_encoders/encoder_seed4_T20_B1000_H64_W64_latent48_lambda0.001.pt,0.2115,0.2082,0.3346,0.8326,268.1809,22.7156
moving_mnist,geo_ae,0.005,0,z,5,0.0009,0.9991,models/moving_mnist_geoae_lam0.005/geoae_encoders/encoder_seed0_T20_B1000_H64_W64_latent48_lambda0.005.pt,0.0416,0.0628,0.5588,0.9169,198.3961,35.8608
moving_mnist,geo_ae,0.005,1,z,5,0.0011,0.9989,models/moving_mnist_geoae_lam0.005/geoae_encoders/encoder_seed1_T20_B1000_H64_W64_latent48_lambda0.005.pt,0.0457,0.0698,0.4955,0.8998,162.4223,26.4197
moving_mnist,geo_ae,0.005,2,z,5,0.0008,0.9992,models/moving_mnist_geoae_lam0.005/geoae_encoders/encoder_seed2_T20_B1000_H64_W64_latent48_lambda0.005.pt,0.0354,0.0535,0.5517,0.9143,230.7033,33.2866
moving_mnist,geo_ae,0.005,3,z,5,0.001,0.999,models/moving_mnist_geoae_lam0.005/geoae_encoders/encoder_seed3_T20_B1000_H64_W64_latent48_lambda0.005.pt,0.0485,0.0695,0.6108,0.9246,196.4841,28.4253
moving_mnist,geo_ae,0.005,4,z,5,0.0008,0.9992,models/moving_mnist_geoae_lam0.005/geoae_encoders/encoder_seed4_T20_B1000_H64_W64_latent48_lambda0.005.pt,0.0429,0.0587,0.5812,0.9186,126.5583,33.4813
moving_mnist,geo_ae,0.01,0,z,5,0.0009,0.9991,models/moving_mnist_geoae_lam0.01/geoae_encoders/encoder_seed0_T20_B1000_H64_W64_latent48_lambda0.01.pt,0.0341,0.0523,0.5696,0.9185,164.0183,37.1214
moving_mnist,geo_ae,0.01,1,z,5,0.0013,0.9987,models/moving_mnist_geoae_lam0.01/geoae_encoders/encoder_seed1_T20_B1000_H64_W64_latent48_lambda0.01.pt,0.0315,0.0491,0.4693,0.9005,199.88,30.7246
moving_mnist,geo_ae,0.01,2,z,5,0.0009,0.9991,models/moving_mnist_geoae_lam0.01/geoae_encoders/encoder_seed2_T20_B1000_H64_W64_latent48_lambda0.01.pt,0.027,0.0412,0.5913,0.9198,184.4017,29.95
moving_mnist,geo_ae,0.01,3,z,5,0.001,0.999,models/moving_mnist_geoae_lam0.01/geoae_encoders/encoder_seed3_T20_B1000_H64_W64_latent48_lambda0.01.pt,0.0396,0.0581,0.6208,0.9292,147.5432,35.327
moving_mnist,geo_ae,0.01,4,z,5,0.0009,0.9991,models/moving_mnist_geoae_lam0.01/geoae_encoders/encoder_seed4_T20_B1000_H64_W64_latent48_lambda0.01.pt,0.0276,0.0415,0.5996,0.914,135.2257,26.1343
moving_mnist,geo_ae,0.05,0,z,5,0.001,0.999,models/moving_mnist_geoae_lam0.05/geoae_encoders/encoder_seed0_T20_B1000_H64_W64_latent48_lambda0.05.pt,0.0195,0.0315,0.6041,0.9044,196.8146,17.2627
moving_mnist,geo_ae,0.05,1,z,5,0.0007,0.9993,models/moving_mnist_geoae_lam0.05/geoae_encoders/encoder_seed1_T20_B1000_H64_W64_latent48_lambda0.05.pt,0.0162,0.0264,0.5682,0.885,46.1411,37.6962
moving_mnist,geo_ae,0.05,2,z,5,0.0007,0.9993,models/moving_mnist_geoae_lam0.05/geoae_encoders/encoder_seed2_T20_B1000_H64_W64_latent48_lambda0.05.pt,0.0171,0.0275,0.6262,0.8994,48.0312,25.6905
moving_mnist,geo_ae,0.05,3,z,5,0.0009,0.9991,models/moving_mnist_geoae_lam0.05/geoae_encoders/encoder_seed3_T20_B1000_H64_W64_latent48_lambda0.05.pt,0.0239,0.0382,0.605,0.9113,69.3253,19.0
moving_mnist,geo_ae,0.05,4,z,5,0.0007,0.9993,models/moving_mnist_geoae_lam0.05/geoae_encoders/encoder_seed4_T20_B1000_H64_W64_latent48_lambda0.05.pt,0.0181,0.0293,0.6439,0.9092,61.5386,26.4008
moving_mnist,geo_ae,0.1,0,z,5,0.0008,0.9992,models/moving_mnist_geoae_lam0.1/geoae_encoders/encoder_seed0_T20_B1000_H64_W64_latent48_lambda0.1.pt,0.0149,0.0245,0.589,0.8666,61.5467,17.8606
moving_mnist,geo_ae,0.1,1,z,5,0.001,0.999,models/moving_mnist_geoae_lam0.1/geoae_encoders/encoder_seed1_T20_B1000_H64_W64_latent48_lambda0.1.pt,0.0092,0.0151,0.5758,0.8681,10.4403,24.1039
moving_mnist,geo_ae,0.1,2,z,5,0.001,0.999,models/moving_mnist_geoae_lam0.1/geoae_encoders/encoder_seed2_T20_B1000_H64_W64_latent48_lambda0.1.pt,0.0119,0.0195,0.6465,0.9009,20.2731,28.4605
moving_mnist,geo_ae,0.1,3,z,5,0.0009,0.9991,models/moving_mnist_geoae_lam0.1/geoae_encoders/encoder_seed3_T20_B1000_H64_W64_latent48_lambda0.1.pt,0.015,0.0247,0.5694,0.8788,28.7576,5.3852
moving_mnist,geo_ae,0.1,4,z,5,0.0008,0.9992,models/moving_mnist_geoae_lam0.1/geoae_encoders/encoder_seed4_T20_B1000_H64_W64_latent48_lambda0.1.pt,0.0115,0.019,0.6467,0.8898,52.5452,18.8149
moving_mnist,geo_ae,0.2,0,z,5,0.0008,0.9992,models/moving_mnist_geoae_lam0.2/geoae_encoders/encoder_seed0_T20_B1000_H64_W64_latent48_lambda0.2.pt,0.0091,0.0151,0.6117,0.8756,91.2524,10.6301
moving_mnist,geo_ae,0.2,1,z,5,0.0009,0.9991,models/moving_mnist_geoae_lam0.2/geoae_encoders/encoder_seed1_T20_B1000_H64_W64_latent48_lambda0.2.pt,0.0013,0.0022,0.4103,0.7873,163.9634,16.9706
moving_mnist,geo_ae,0.2,2,z,5,0.0007,0.9993,models/moving_mnist_geoae_lam0.2/geoae_encoders/encoder_seed2_T20_B1000_H64_W64_latent48_lambda0.2.pt,0.0072,0.012,0.6554,0.8838,104.1441,16.7033
moving_mnist,geo_ae,0.2,3,z,5,0.0009,0.9991,models/moving_mnist_geoae_lam0.2/geoae_encoders/encoder_seed3_T20_B1000_H64_W64_latent48_lambda0.2.pt,0.0088,0.0146,0.5736,0.8675,30.8707,11.4018
moving_mnist,geo_ae,0.2,4,z,5,0.0013,0.9987,models/moving_mnist_geoae_lam0.2/geoae_encoders/encoder_seed4_T20_B1000_H64_W64_latent48_lambda0.2.pt,0.0037,0.0061,0.5506,0.8486,105.5983,11.1355
moving_mnist,geo_ae,0.5,0,z,5,0.0009,0.9991,models/moving_mnist_geoae_lam0.5/geoae_encoders/encoder_seed0_T20_B1000_H64_W64_latent48_lambda0.5.pt,0.0039,0.0065,0.5362,0.8211,176.887,19.6214
moving_mnist,geo_ae,0.5,1,z,5,0.0009,0.9991,models/moving_mnist_geoae_lam0.5/geoae_encoders/encoder_seed1_T20_B1000_H64_W64_latent48_lambda0.5.pt,0.0,0.0,,0.5535,437.0034,8.0623
moving_mnist,geo_ae,0.5,2,z,5,0.0008,0.9992,models/moving_mnist_geoae_lam0.5/geoae_encoders/encoder_seed2_T20_B1000_H64_W64_latent48_lambda0.5.pt,0.0018,0.003,0.474,0.8207,84.6877,12.2882
moving_mnist,geo_ae,0.5,3,z,5,0.001,0.999,models/moving_mnist_geoae_lam0.5/geoae_encoders/encoder_seed3_T20_B1000_H64_W64_latent48_lambda0.5.pt,0.0017,0.0029,0.4508,0.8008,96.0365,8.1854
moving_mnist,geo_ae,0.5,4,z,5,0.001,0.999,models/moving_mnist_geoae_lam0.5/geoae_encoders/encoder_seed4_T20_B1000_H64_W64_latent48_lambda0.5.pt,0.0,0.0,,0.5535,437.0034,8.0623
moving_mnist,geo_ae,0.7,0,z,5,0.0012,0.9988,models/moving_mnist_geoae_lam0.7/geoae_encoders/encoder_seed0_T20_B1000_H64_W64_latent48_lambda0.7.pt,0.0034,0.0056,0.5146,0.8092,128.1405,11.5326
moving_mnist,geo_ae,0.7,1,z,5,0.0008,0.9992,models/moving_mnist_geoae_lam0.7/geoae_encoders/encoder_seed1_T20_B1000_H64_W64_latent48_lambda0.7.pt,0.0,0.0,-0.0581,0.5534,437.0034,8.0623
moving_mnist,geo_ae,0.7,2,z,5,0.0012,0.9988,models/moving_mnist_geoae_lam0.7/geoae_encoders/encoder_seed2_T20_B1000_H64_W64_latent48_lambda0.7.pt,0.0014,0.0023,0.389,0.8047,77.2722,17.5214
moving_mnist,geo_ae,0.7,3,z,5,0.0009,0.9991,models/moving_mnist_geoae_lam0.7/geoae_encoders/encoder_seed3_T20_B1000_H64_W64_latent48_lambda0.7.pt,0.0007,0.0012,0.3213,0.7581,172.5949,8.4853
moving_mnist,geo_ae,0.7,4,z,5,0.0009,0.9991,models/moving_mnist_geoae_lam0.7/geoae_encoders/encoder_seed4_T20_B1000_H64_W64_latent48_lambda0.7.pt,0.0,0.0,,0.5535,437.0034,8.0623
moving_mnist,geo_ae,1.0,0,z,5,0.0008,0.9992,models/moving_mnist_geoae_lam1/geoae_encoders/encoder_seed0_T20_B1000_H64_W64_latent48_lambda1.pt,0.0021,0.0036,0.4102,0.791,78.0513,11.6189
moving_mnist,geo_ae,1.0,1,z,5,0.0008,0.9992,models/moving_mnist_geoae_lam1/geoae_encoders/encoder_seed1_T20_B1000_H64_W64_latent48_lambda1.pt,0.0,0.0,-0.0581,0.5534,437.0034,8.0623
moving_mnist,geo_ae,1.0,2,z,5,0.0009,0.9991,models/moving_mnist_geoae_lam1/geoae_encoders/encoder_seed2_T20_B1000_H64_W64_latent48_lambda1.pt,0.0008,0.0013,0.4675,0.8093,113.6266,20.567
moving_mnist,geo_ae,1.0,3,z,5,0.001,0.999,models/moving_mnist_geoae_lam1/geoae_encoders/encoder_seed3_T20_B1000_H64_W64_latent48_lambda1.pt,0.0,0.0,,0.5535,437.0034,8.0623
moving_mnist,geo_ae,1.0,4,z,5,0.0011,0.9989,models/moving_mnist_geoae_lam1/geoae_encoders/encoder_seed4_T20_B1000_H64_W64_latent48_lambda1.pt,0.0,0.0,,0.5535,437.0034,8.0623
orbiting_disks,geo_ae,0.0,0,z,5,0.0034,0.9967,models/orbiting_disks_geoae_lam0/geoae_encoders/encoder_seed0_T50_B512_H64_W64_latent64_lambda0.pt,0.5928,0.8016,0.0466,0.7045,165.1969,24.8797
orbiting_disks,geo_ae,0.0,1,z,5,0.0073,0.9929,models/orbiting_disks_geoae_lam0/geoae_encoders/encoder_seed1_T50_B512_H64_W64_latent64_lambda0.pt,0.8779,1.1895,0.0461,0.7001,207.07,25.923
orbiting_disks,geo_ae,0.0,2,z,5,0.004,0.9961,models/orbiting_disks_geoae_lam0/geoae_encoders/encoder_seed2_T50_B512_H64_W64_latent64_lambda0.pt,0.433,0.593,0.0396,0.7032,209.5853,25.4362
orbiting_disks,geo_ae,0.0,3,z,5,0.004,0.9961,models/orbiting_disks_geoae_lam0/geoae_encoders/encoder_seed3_T50_B512_H64_W64_latent64_lambda0.pt,0.5323,0.7044,0.0469,0.7058,191.6742,22.1811
orbiting_disks,geo_ae,0.0,4,z,5,0.0068,0.9933,models/orbiting_disks_geoae_lam0/geoae_encoders/encoder_seed4_T50_B512_H64_W64_latent64_lambda0.pt,0.777,1.029,0.0447,0.7074,192.2811,25.7682
orbiting_disks,geo_ae,0.0005,0,z,5,0.0018,0.9982,models/orbiting_disks_geoae_lam0.0005/geoae_encoders/encoder_seed0_T50_B512_H64_W64_latent64_lambda0.0005.pt,0.1915,0.2563,0.1154,0.7352,172.2469,29.9666
orbiting_disks,geo_ae,0.0005,1,z,5,0.0061,0.994,models/orbiting_disks_geoae_lam0.0005/geoae_encoders/encoder_seed1_T50_B512_H64_W64_latent64_lambda0.0005.pt,0.574,0.7358,0.0752,0.7114,201.2014,25.671
orbiting_disks,geo_ae,0.0005,2,z,5,0.0018,0.9982,models/orbiting_disks_geoae_lam0.0005/geoae_encoders/encoder_seed2_T50_B512_H64_W64_latent64_lambda0.0005.pt,0.1142,0.1626,0.1034,0.7342,144.371,26.6083
orbiting_disks,geo_ae,0.0005,3,z,5,0.002,0.998,models/orbiting_disks_geoae_lam0.0005/geoae_encoders/encoder_seed3_T50_B512_H64_W64_latent64_lambda0.0005.pt,0.233,0.2562,0.4697,0.801,163.759,36.4966
orbiting_disks,geo_ae,0.0005,4,z,5,0.0038,0.9963,models/orbiting_disks_geoae_lam0.0005/geoae_encoders/encoder_seed4_T50_B512_H64_W64_latent64_lambda0.0005.pt,0.4324,0.552,0.0617,0.716,208.3699,19.2873
orbiting_disks,geo_ae,0.001,0,z,5,0.0015,0.9985,models/orbiting_disks_geoae_lam0.001/geoae_encoders/encoder_seed0_T50_B512_H64_W64_latent64_lambda0.001.pt,0.1023,0.1497,0.4771,0.8526,116.6105,42.45
orbiting_disks,geo_ae,0.001,1,z,5,0.0033,0.9967,models/orbiting_disks_geoae_lam0.001/geoae_encoders/encoder_seed1_T50_B512_H64_W64_latent64_lambda0.001.pt,0.3697,0.4545,0.1182,0.7158,176.054,35.0428
orbiting_disks,geo_ae,0.001,2,z,5,0.0017,0.9983,models/orbiting_disks_geoae_lam0.001/geoae_encoders/encoder_seed2_T50_B512_H64_W64_latent64_lambda0.001.pt,0.0637,0.0959,0.4478,0.8555,162.5915,28.8791
orbiting_disks,geo_ae,0.001,3,z,5,0.0019,0.9981,models/orbiting_disks_geoae_lam0.001/geoae_encoders/encoder_seed3_T50_B512_H64_W64_latent64_lambda0.001.pt,0.0924,0.129,0.5647,0.8651,150.05,21.5407
orbiting_disks,geo_ae,0.001,4,z,5,0.0022,0.9978,models/orbiting_disks_geoae_lam0.001/geoae_encoders/encoder_seed4_T50_B512_H64_W64_latent64_lambda0.001.pt,0.1734,0.221,0.1057,0.7379,204.1225,29.2062
orbiting_disks,geo_ae,0.005,0,z,5,0.0015,0.9985,models/orbiting_disks_geoae_lam0.005/geoae_encoders/encoder_seed0_T50_B512_H64_W64_latent64_lambda0.005.pt,0.0482,0.0717,0.6391,0.911,136.6785,27.5318
orbiting_disks,geo_ae,0.005,1,z,5,0.0022,0.9978,models/orbiting_disks_geoae_lam0.005/geoae_encoders/encoder_seed1_T50_B512_H64_W64_latent64_lambda0.005.pt,0.0435,0.0676,0.57,0.8754,118.9328,28.6182
orbiting_disks,geo_ae,0.005,2,z,5,0.0018,0.9982,models/orbiting_disks_geoae_lam0.005/geoae_encoders/encoder_seed2_T50_B512_H64_W64_latent64_lambda0.005.pt,0.0351,0.053,0.6397,0.9161,121.5483,14.8324
orbiting_disks,geo_ae,0.005,3,z,5,0.0017,0.9983,models/orbiting_disks_geoae_lam0.005/geoae_encoders/encoder_seed3_T50_B512_H64_W64_latent64_lambda0.005.pt,0.0473,0.0704,0.6491,0.9156,82.9277,15.9374
orbiting_disks,geo_ae,0.005,4,z,5,0.0015,0.9985,models/orbiting_disks_geoae_lam0.005/geoae_encoders/encoder_seed4_T50_B512_H64_W64_latent64_lambda0.005.pt,0.0488,0.073,0.6352,0.9072,94.9105,30.5123
orbiting_disks,geo_ae,0.01,0,z,5,0.0017,0.9983,models/orbiting_disks_geoae_lam0.01/geoae_encoders/encoder_seed0_T50_B512_H64_W64_latent64_lambda0.01.pt,0.0318,0.0507,0.634,0.9107,111.6915,10.583
orbiting_disks,geo_ae,0.01,1,z,5,0.0017,0.9983,models/orbiting_disks_geoae_lam0.01/geoae_encoders/encoder_seed1_T50_B512_H64_W64_latent64_lambda0.01.pt,0.033,0.0521,0.6492,0.9061,57.0701,14.6287
orbiting_disks,geo_ae,0.01,2,z,5,0.0018,0.9982,models/orbiting_disks_geoae_lam0.01/geoae_encoders/encoder_seed2_T50_B512_H64_W64_latent64_lambda0.01.pt,0.0279,0.0433,0.644,0.9205,103.9615,18.7617
orbiting_disks,geo_ae,0.01,3,z,5,0.0018,0.9982,models/orbiting_disks_geoae_lam0.01/geoae_encoders/encoder_seed3_T50_B512_H64_W64_latent64_lambda0.01.pt,0.0389,0.0593,0.6791,0.9314,66.8356,19.2873
orbiting_disks,geo_ae,0.01,4,z,5,0.0017,0.9983,models/orbiting_disks_geoae_lam0.01/geoae_encoders/encoder_seed4_T50_B512_H64_W64_latent64_lambda0.01.pt,0.0364,0.0561,0.6248,0.9129,119.478,22.5167
orbiting_disks,geo_ae,0.05,0,z,5,0.0019,0.9981,models/orbiting_disks_geoae_lam0.05/geoae_encoders/encoder_seed0_T50_B512_H64_W64_latent64_lambda0.05.pt,0.0232,0.0377,0.7109,0.9249,77.756,11.0454
orbiting_disks,geo_ae,0.05,1,z,5,0.0019,0.9981,models/orbiting_disks_geoae_lam0.05/geoae_encoders/encoder_seed1_T50_B512_H64_W64_latent64_lambda0.05.pt,0.0232,0.0378,0.6683,0.9162,86.885,8.124
orbiting_disks,geo_ae,0.05,2,z,5,0.0026,0.9974,models/orbiting_disks_geoae_lam0.05/geoae_encoders/encoder_seed2_T50_B512_H64_W64_latent64_lambda0.05.pt,0.018,0.0291,0.6886,0.9166,103.899,21.8632
orbiting_disks,geo_ae,0.05,3,z,5,0.0016,0.9984,models/orbiting_disks_geoae_lam0.05/geoae_encoders/encoder_seed3_T50_B512_H64_W64_latent64_lambda0.05.pt,0.028,0.0452,0.6885,0.9208,37.8946,19.4422
orbiting_disks,geo_ae,0.05,4,z,5,0.0018,0.9982,models/orbiting_disks_geoae_lam0.05/geoae_encoders/encoder_seed4_T50_B512_H64_W64_latent64_lambda0.05.pt,0.0267,0.043,0.7063,0.9335,48.7647,19.8997
orbiting_disks,geo_ae,0.1,0,z,5,0.0019,0.9981,models/orbiting_disks_geoae_lam0.1/geoae_encoders/encoder_seed0_T50_B512_H64_W64_latent64_lambda0.1.pt,0.0178,0.0291,0.7287,0.9277,37.8946,18.1934
orbiting_disks,geo_ae,0.1,1,z,5,0.0018,0.9982,models/orbiting_disks_geoae_lam0.1/geoae_encoders/encoder_seed1_T50_B512_H64_W64_latent64_lambda0.1.pt,0.017,0.0279,0.6876,0.9198,82.8493,19.2873
orbiting_disks,geo_ae,0.1,2,z,5,0.0016,0.9984,models/orbiting_disks_geoae_lam0.1/geoae_encoders/encoder_seed2_T50_B512_H64_W64_latent64_lambda0.1.pt,0.0144,0.0236,0.7089,0.9267,47.0213,8.9443
orbiting_disks,geo_ae,0.1,3,z,5,0.0015,0.9985,models/orbiting_disks_geoae_lam0.1/geoae_encoders/encoder_seed3_T50_B512_H64_W64_latent64_lambda0.1.pt,0.023,0.0378,0.7023,0.9204,33.4813,12.4097
orbiting_disks,geo_ae,0.1,4,z,5,0.0019,0.9981,models/orbiting_disks_geoae_lam0.1/geoae_encoders/encoder_seed4_T50_B512_H64_W64_latent64_lambda0.1.pt,0.0214,0.0348,0.7387,0.9365,61.8951,18.6815
orbiting_disks,geo_ae,0.2,0,z,5,0.0018,0.9982,models/orbiting_disks_geoae_lam0.2/geoae_encoders/encoder_seed0_T50_B512_H64_W64_latent64_lambda0.2.pt,0.0135,0.0222,0.7043,0.9129,13.7113,12.2474
orbiting_disks,geo_ae,0.2,1,z,5,0.0017,0.9983,models/orbiting_disks_geoae_lam0.2/geoae_encoders/encoder_seed1_T50_B512_H64_W64_latent64_lambda0.2.pt,0.0107,0.0178,0.6741,0.9053,46.6905,12.2066
orbiting_disks,geo_ae,0.2,2,z,5,0.0022,0.9978,models/orbiting_disks_geoae_lam0.2/geoae_encoders/encoder_seed2_T50_B512_H64_W64_latent64_lambda0.2.pt,0.0097,0.0161,0.6944,0.9114,57.5674,27.074
orbiting_disks,geo_ae,0.2,3,z,5,0.0019,0.9981,models/orbiting_disks_geoae_lam0.2/geoae_encoders/encoder_seed3_T50_B512_H64_W64_latent64_lambda0.2.pt,0.0165,0.0275,0.6457,0.892,27.3861,15.8114
orbiting_disks,geo_ae,0.2,4,z,5,0.0017,0.9983,models/orbiting_disks_geoae_lam0.2/geoae_encoders/encoder_seed4_T50_B512_H64_W64_latent64_lambda0.2.pt,0.0162,0.0267,0.7323,0.931,42.3556,17.3781
orbiting_disks,geo_ae,0.5,0,z,5,0.0018,0.9982,models/orbiting_disks_geoae_lam0.5/geoae_encoders/encoder_seed0_T50_B512_H64_W64_latent64_lambda0.5.pt,0.0081,0.0137,0.6125,0.8626,89.8443,17.1756
orbiting_disks,geo_ae,0.5,1,z,5,0.0015,0.9985,models/orbiting_disks_geoae_lam0.5/geoae_encoders/encoder_seed1_T50_B512_H64_W64_latent64_lambda0.5.pt,0.0004,0.0008,0.3453,0.699,263.657,21.3073
orbiting_disks,geo_ae,0.5,2,z,5,0.0015,0.9985,models/orbiting_disks_geoae_lam0.5/geoae_encoders/encoder_seed2_T50_B512_H64_W64_latent64_lambda0.5.pt,0.0048,0.0081,0.6675,0.8774,79.4355,25.2389
orbiting_disks,geo_ae,0.5,3,z,5,0.0018,0.9982,models/orbiting_disks_geoae_lam0.5/geoae_encoders/encoder_seed3_T50_B512_H64_W64_latent64_lambda0.5.pt,0.0082,0.0137,0.6473,0.8815,124.7157,13.1909
orbiting_disks,geo_ae,0.5,4,z,5,0.0016,0.9984,models/orbiting_disks_geoae_lam0.5/geoae_encoders/encoder_seed4_T50_B512_H64_W64_latent64_lambda0.5.pt,0.0077,0.013,0.6567,0.8812,52.1153,11.7473
orbiting_disks,geo_ae,0.7,0,z,5,0.0017,0.9983,models/orbiting_disks_geoae_lam0.7/geoae_encoders/encoder_seed0_T50_B512_H64_W64_latent64_lambda0.7.pt,0.006,0.0101,0.5951,0.8334,88.7975,14.1067
orbiting_disks,geo_ae,0.7,1,z,5,0.0018,0.9982,models/orbiting_disks_geoae_lam0.7/geoae_encoders/encoder_seed1_T50_B512_H64_W64_latent64_lambda0.7.pt,0.0,0.0,-0.0057,0.4345,433.0658,20.5426
orbiting_disks,geo_ae,0.7,2,z,5,0.0019,0.9981,models/orbiting_disks_geoae_lam0.7/geoae_encoders/encoder_seed2_T50_B512_H64_W64_latent64_lambda0.7.pt,0.0025,0.0043,0.5557,0.8274,127.4402,24.5764
orbiting_disks,geo_ae,0.7,3,z,5,0.0018,0.9982,models/orbiting_disks_geoae_lam0.7/geoae_encoders/encoder_seed3_T50_B512_H64_W64_latent64_lambda0.7.pt,0.0047,0.0079,0.5688,0.8438,46.4004,13.6748
orbiting_disks,geo_ae,0.7,4,z,5,0.0019,0.9981,models/orbiting_disks_geoae_lam0.7/geoae_encoders/encoder_seed4_T50_B512_H64_W64_latent64_lambda0.7.pt,0.0058,0.0098,0.6143,0.8398,50.06,10.4881
orbiting_disks,geo_ae,1.0,0,z,5,0.0018,0.9982,models/orbiting_disks_geoae_lam1/geoae_encoders/encoder_seed0_T50_B512_H64_W64_latent64_lambda1.pt,0.0028,0.0046,0.5666,0.8163,165.5143,23.622
orbiting_disks,geo_ae,1.0,1,z,5,0.002,0.998,models/orbiting_disks_geoae_lam1/geoae_encoders/encoder_seed1_T50_B512_H64_W64_latent64_lambda1.pt,0.0,0.0,,0.4345,436.7116,20.5426
orbiting_disks,geo_ae,1.0,2,z,5,0.0016,0.9984,models/orbiting_disks_geoae_lam1/geoae_encoders/encoder_seed2_T50_B512_H64_W64_latent64_lambda1.pt,0.0018,0.003,0.5272,0.7993,82.6075,19.7484
orbiting_disks,geo_ae,1.0,3,z,5,0.0016,0.9984,models/orbiting_disks_geoae_lam1/geoae_encoders/encoder_seed3_T50_B512_H64_W64_latent64_lambda1.pt,0.0028,0.0047,0.5448,0.8261,75.8551,17.6068
orbiting_disks,geo_ae,1.0,4,z,5,0.0017,0.9983,models/orbiting_disks_geoae_lam1/geoae_encoders/encoder_seed4_T50_B512_H64_W64_latent64_lambda1.pt,0.0022,0.0038,0.5461,0.8236,96.1353,12.2474
orbiting_rings,geo_ae,0.0,0,z,5,0.0036,0.9964,models/orbiting_rings_geoae_lam0/geoae_encoders/encoder_seed0_T50_B512_H64_W64_latent64_lambda0.pt,0.911,1.4973,0.0423,0.655,197.6234,21.7715
orbiting_rings,geo_ae,0.0,1,z,5,0.0065,0.9937,models/orbiting_rings_geoae_lam0/geoae_encoders/encoder_seed1_T50_B512_H64_W64_latent64_lambda0.pt,1.3949,2.3078,0.0462,0.6501,251.1514,19.4165
orbiting_rings,geo_ae,0.0,2,z,5,0.0038,0.9963,models/orbiting_rings_geoae_lam0/geoae_encoders/encoder_seed2_T50_B512_H64_W64_latent64_lambda0.pt,0.6651,1.0863,0.0314,0.6528,187.6779,15.1327
orbiting_rings,geo_ae,0.0,3,z,5,0.0033,0.9968,models/orbiting_rings_geoae_lam0/geoae_encoders/encoder_seed3_T50_B512_H64_W64_latent64_lambda0.pt,0.8053,1.3165,0.0461,0.6538,251.8273,21.3073
orbiting_rings,geo_ae,0.0,4,z,5,0.0063,0.9938,models/orbiting_rings_geoae_lam0/geoae_encoders/encoder_seed4_T50_B512_H64_W64_latent64_lambda0.pt,1.2366,2.0414,0.0403,0.654,232.2843,20.9523
orbiting_rings,geo_ae,0.0005,0,z,5,0.0017,0.9983,models/orbiting_rings_geoae_lam0.0005/geoae_encoders/encoder_seed0_T50_B512_H64_W64_latent64_lambda0.0005.pt,0.2346,0.3342,0.4189,0.7829,116.1551,31.6702
orbiting_rings,geo_ae,0.0005,1,z,5,0.0035,0.9965,models/orbiting_rings_geoae_lam0.0005/geoae_encoders/encoder_seed1_T50_B512_H64_W64_latent64_lambda0.0005.pt,0.6968,1.1138,0.0736,0.6602,248.4713,18.868
orbiting_rings,geo_ae,0.0005,2,z,5,0.0018,0.9982,models/orbiting_rings_geoae_lam0.0005/geoae_encoders/encoder_seed2_T50_B512_H64_W64_latent64_lambda0.0005.pt,0.1346,0.2088,0.0625,0.6636,156.381,19.1572
orbiting_rings,geo_ae,0.0005,3,z,5,0.0015,0.9985,models/orbiting_rings_geoae_lam0.0005/geoae_encoders/encoder_seed3_T50_B512_H64_W64_latent64_lambda0.0005.pt,0.1841,0.2572,0.4929,0.7826,193.6182,39.0256
orbiting_rings,geo_ae,0.0005,4,z,5,0.0034,0.9966,models/orbiting_rings_geoae_lam0.0005/geoae_encoders/encoder_seed4_T50_B512_H64_W64_latent64_lambda0.0005.pt,0.5174,0.8258,0.0457,0.6633,210.8957,22.2261
orbiting_rings,geo_ae,0.001,0,z,5,0.0014,0.9986,models/orbiting_rings_geoae_lam0.001/geoae_encoders/encoder_seed0_T50_B512_H64_W64_latent64_lambda0.001.pt,0.085,0.1295,0.3588,0.7876,108.4988,35.7631
orbiting_rings,geo_ae,0.001,1,z,5,0.0026,0.9974,models/orbiting_rings_geoae_lam0.001/geoae_encoders/encoder_seed1_T50_B512_H64_W64_latent64_lambda0.001.pt,0.3521,0.531,0.1386,0.6716,236.161,25.593
orbiting_rings,geo_ae,0.001,2,z,5,0.0018,0.9982,models/orbiting_rings_geoae_lam0.001/geoae_encoders/encoder_seed2_T50_B512_H64_W64_latent64_lambda0.001.pt,0.0771,0.1197,0.3876,0.7989,110.7745,29.3258
orbiting_rings,geo_ae,0.001,3,z,5,0.0018,0.9982,models/orbiting_rings_geoae_lam0.001/geoae_encoders/encoder_seed3_T50_B512_H64_W64_latent64_lambda0.001.pt,0.0954,0.1473,0.4454,0.8082,78.1537,32.665
orbiting_rings,geo_ae,0.001,4,z,5,0.0018,0.9982,models/orbiting_rings_geoae_lam0.001/geoae_encoders/encoder_seed4_T50_B512_H64_W64_latent64_lambda0.001.pt,0.1699,0.2291,0.4613,0.7858,155.7626,32.6497
orbiting_rings,geo_ae,0.005,0,z,5,0.0016,0.9984,models/orbiting_rings_geoae_lam0.005/geoae_encoders/encoder_seed0_T50_B512_H64_W64_latent64_lambda0.005.pt,0.0435,0.0697,0.5141,0.8557,162.3638,15.3623
orbiting_rings,geo_ae,0.005,1,z,5,0.0019,0.9981,models/orbiting_rings_geoae_lam0.005/geoae_encoders/encoder_seed1_T50_B512_H64_W64_latent64_lambda0.005.pt,0.0438,0.0712,0.4286,0.8135,111.3328,22.8692
orbiting_rings,geo_ae,0.005,2,z,5,0.0019,0.9981,models/orbiting_rings_geoae_lam0.005/geoae_encoders/encoder_seed2_T50_B512_H64_W64_latent64_lambda0.005.pt,0.0425,0.0672,0.4904,0.8371,129.1859,28.1247
orbiting_rings,geo_ae,0.005,3,z,5,0.0018,0.9982,models/orbiting_rings_geoae_lam0.005/geoae_encoders/encoder_seed3_T50_B512_H64_W64_latent64_lambda0.005.pt,0.0508,0.0805,0.5787,0.8522,81.3695,21.0476
orbiting_rings,geo_ae,0.005,4,z,5,0.0019,0.9981,models/orbiting_rings_geoae_lam0.005/geoae_encoders/encoder_seed4_T50_B512_H64_W64_latent64_lambda0.005.pt,0.0465,0.0743,0.5245,0.8425,122.6295,20.664
orbiting_rings,geo_ae,0.01,0,z,5,0.0018,0.9982,models/orbiting_rings_geoae_lam0.01/geoae_encoders/encoder_seed0_T50_B512_H64_W64_latent64_lambda0.01.pt,0.0372,0.0608,0.5402,0.8572,130.2728,10.1489
orbiting_rings,geo_ae,0.01,1,z,5,0.0019,0.9981,models/orbiting_rings_geoae_lam0.01/geoae_encoders/encoder_seed1_T50_B512_H64_W64_latent64_lambda0.01.pt,0.0401,0.0653,0.5505,0.8445,51.2543,14.1421
orbiting_rings,geo_ae,0.01,2,z,5,0.0016,0.9984,models/orbiting_rings_geoae_lam0.01/geoae_encoders/encoder_seed2_T50_B512_H64_W64_latent64_lambda0.01.pt,0.0365,0.0589,0.5316,0.8627,48.9285,22.7816
orbiting_rings,geo_ae,0.01,3,z,5,0.0016,0.9984,models/orbiting_rings_geoae_lam0.01/geoae_encoders/encoder_seed3_T50_B512_H64_W64_latent64_lambda0.01.pt,0.0447,0.0717,0.58,0.8608,40.0,15.2315
orbiting_rings,geo_ae,0.01,4,z,5,0.0013,0.9987,models/orbiting_rings_geoae_lam0.01/geoae_encoders/encoder_seed4_T50_B512_H64_W64_latent64_lambda0.01.pt,0.0416,0.0675,0.5743,0.8499,111.9866,17.088
orbiting_rings,geo_ae,0.05,0,z,5,0.0017,0.9983,models/orbiting_rings_geoae_lam0.05/geoae_encoders/encoder_seed0_T50_B512_H64_W64_latent64_lambda0.05.pt,0.0294,0.0488,0.6642,0.8907,47.6865,11.4018
orbiting_rings,geo_ae,0.05,1,z,5,0.0018,0.9982,models/orbiting_rings_geoae_lam0.05/geoae_encoders/encoder_seed1_T50_B512_H64_W64_latent64_lambda0.05.pt,0.0306,0.0511,0.6509,0.8723,75.3525,9.8489
orbiting_rings,geo_ae,0.05,2,z,5,0.0021,0.9979,models/orbiting_rings_geoae_lam0.05/geoae_encoders/encoder_seed2_T50_B512_H64_W64_latent64_lambda0.05.pt,0.0254,0.042,0.6536,0.8834,53.9907,16.0624
orbiting_rings,geo_ae,0.05,3,z,5,0.0018,0.9982,models/orbiting_rings_geoae_lam0.05/geoae_encoders/encoder_seed3_T50_B512_H64_W64_latent64_lambda0.05.pt,0.0328,0.0547,0.6762,0.8901,27.0555,8.0
orbiting_rings,geo_ae,0.05,4,z,5,0.0017,0.9983,models/orbiting_rings_geoae_lam0.05/geoae_encoders/encoder_seed4_T50_B512_H64_W64_latent64_lambda0.05.pt,0.0345,0.0571,0.6906,0.8927,73.3757,13.8564
orbiting_rings,geo_ae,0.1,0,z,5,0.0019,0.9981,models/orbiting_rings_geoae_lam0.1/geoae_encoders/encoder_seed0_T50_B512_H64_W64_latent64_lambda0.1.pt,0.0234,0.0391,0.6786,0.8902,73.1847,10.3441
orbiting_rings,geo_ae,0.1,1,z,5,0.0015,0.9985,models/orbiting_rings_geoae_lam0.1/geoae_encoders/encoder_seed1_T50_B512_H64_W64_latent64_lambda0.1.pt,0.0212,0.0357,0.6517,0.872,56.1516,3.6056
orbiting_rings,geo_ae,0.1,2,z,5,0.0018,0.9982,models/orbiting_rings_geoae_lam0.1/geoae_encoders/encoder_seed2_T50_B512_H64_W64_latent64_lambda0.1.pt,0.0186,0.031,0.665,0.8804,92.8224,13.2288
orbiting_rings,geo_ae,0.1,3,z,5,0.0016,0.9984,models/orbiting_rings_geoae_lam0.1/geoae_encoders/encoder_seed3_T50_B512_H64_W64_latent64_lambda0.1.pt,0.0257,0.0431,0.7124,0.8956,42.9418,8.6023
orbiting_rings,geo_ae,0.1,4,z,5,0.0017,0.9983,models/orbiting_rings_geoae_lam0.1/geoae_encoders/encoder_seed4_T50_B512_H64_W64_latent64_lambda0.1.pt,0.0275,0.0458,0.7217,0.9013,40.7799,7.0
orbiting_rings,geo_ae,0.2,0,z,5,0.0019,0.9981,models/orbiting_rings_geoae_lam0.2/geoae_encoders/encoder_seed0_T50_B512_H64_W64_latent64_lambda0.2.pt,0.0181,0.0302,0.676,0.886,70.4557,9.3274
orbiting_rings,geo_ae,0.2,1,z,5,0.0022,0.9978,models/orbiting_rings_geoae_lam0.2/geoae_encoders/encoder_seed1_T50_B512_H64_W64_latent64_lambda0.2.pt,0.0146,0.0247,0.6316,0.8621,117.047,2.2361
orbiting_rings,geo_ae,0.2,2,z,5,0.0017,0.9983,models/orbiting_rings_geoae_lam0.2/geoae_encoders/encoder_seed2_T50_B512_H64_W64_latent64_lambda0.2.pt,0.0107,0.018,0.6722,0.868,124.3503,5.2915
orbiting_rings,geo_ae,0.2,3,z,5,0.0021,0.9979,models/orbiting_rings_geoae_lam0.2/geoae_encoders/encoder_seed3_T50_B512_H64_W64_latent64_lambda0.2.pt,0.0188,0.0317,0.7123,0.8895,31.607,8.6603
orbiting_rings,geo_ae,0.2,4,z,5,0.0018,0.9982,models/orbiting_rings_geoae_lam0.2/geoae_encoders/encoder_seed4_T50_B512_H64_W64_latent64_lambda0.2.pt,0.0205,0.0344,0.7006,0.8778,39.4588,13.1529
orbiting_rings,geo_ae,0.5,0,z,5,0.0019,0.9981,models/orbiting_rings_geoae_lam0.5/geoae_encoders/encoder_seed0_T50_B512_H64_W64_latent64_lambda0.5.pt,0.0106,0.018,0.6483,0.8521,66.888,4.7958
orbiting_rings,geo_ae,0.5,1,z,5,0.0018,0.9982,models/orbiting_rings_geoae_lam0.5/geoae_encoders/encoder_seed1_T50_B512_H64_W64_latent64_lambda0.5.pt,0.0012,0.0021,0.4435,0.7469,134.0522,5.9161
orbiting_rings,geo_ae,0.5,2,z,5,0.0018,0.9982,models/orbiting_rings_geoae_lam0.5/geoae_encoders/encoder_seed2_T50_B512_H64_W64_latent64_lambda0.5.pt,0.0051,0.0086,0.6196,0.8285,158.4172,5.5678
orbiting_rings,geo_ae,0.5,3,z,5,0.0016,0.9984,models/orbiting_rings_geoae_lam0.5/geoae_encoders/encoder_seed3_T50_B512_H64_W64_latent64_lambda0.5.pt,0.0112,0.0188,0.6885,0.8777,61.8061,5.9161
orbiting_rings,geo_ae,0.5,4,z,5,0.0024,0.9976,models/orbiting_rings_geoae_lam0.5/geoae_encoders/encoder_seed4_T50_B512_H64_W64_latent64_lambda0.5.pt,0.0097,0.0165,0.6285,0.8422,72.4914,4.1231
orbiting_rings,geo_ae,0.7,0,z,5,0.002,0.998,models/orbiting_rings_geoae_lam0.7/geoae_encoders/encoder_seed0_T50_B512_H64_W64_latent64_lambda0.7.pt,0.0091,0.0154,0.6487,0.8567,63.3404,6.3246
orbiting_rings,geo_ae,0.7,1,z,5,0.0017,0.9983,models/orbiting_rings_geoae_lam0.7/geoae_encoders/encoder_seed1_T50_B512_H64_W64_latent64_lambda0.7.pt,0.0,0.0,0.0478,0.4302,429.4205,2.2361
orbiting_rings,geo_ae,0.7,2,z,5,0.0019,0.9981,models/orbiting_rings_geoae_lam0.7/geoae_encoders/encoder_seed2_T50_B512_H64_W64_latent64_lambda0.7.pt,0.0026,0.0044,0.5589,0.7863,164.8909,4.899
orbiting_rings,geo_ae,0.7,3,z,5,0.0016,0.9984,models/orbiting_rings_geoae_lam0.7/geoae_encoders/encoder_seed3_T50_B512_H64_W64_latent64_lambda0.7.pt,0.0077,0.0131,0.6325,0.8473,27.6586,5.831
orbiting_rings,geo_ae,0.7,4,z,5,0.0019,0.9981,models/orbiting_rings_geoae_lam0.7/geoae_encoders/encoder_seed4_T50_B512_H64_W64_latent64_lambda0.7.pt,0.005,0.0086,0.555,0.8149,58.3095,3.873
orbiting_rings,geo_ae,1.0,0,z,5,0.0018,0.9982,models/orbiting_rings_geoae_lam1/geoae_encoders/encoder_seed0_T50_B512_H64_W64_latent64_lambda1.pt,0.0064,0.0108,0.6222,0.8501,54.1479,5.831
orbiting_rings,geo_ae,1.0,1,z,5,0.0018,0.9982,models/orbiting_rings_geoae_lam1/geoae_encoders/encoder_seed1_T50_B512_H64_W64_latent64_lambda1.pt,0.0,0.0,,0.4298,433.0416,2.2361
orbiting_rings,geo_ae,1.0,2,z,5,0.0016,0.9984,models/orbiting_rings_geoae_lam1/geoae_encoders/encoder_seed2_T50_B512_H64_W64_latent64_lambda1.pt,0.0016,0.0027,0.5118,0.7983,163.3065,7.874
orbiting_rings,geo_ae,1.0,3,z,5,0.0016,0.9984,models/orbiting_rings_geoae_lam1/geoae_encoders/encoder_seed3_T50_B512_H64_W64_latent64_lambda1.pt,0.0046,0.0079,0.5895,0.8378,16.9411,5.831
orbiting_rings,geo_ae,1.0,4,z,5,0.0016,0.9984,models/orbiting_rings_geoae_lam1/geoae_encoders/encoder_seed4_T50_B512_H64_W64_latent64_lambda1.pt,0.0005,0.0009,0.3821,0.7112,208.8444,10.9545
