dataset,geo_ae_lambda,test_mse_mean,test_mse_std,n_seeds
bouncing_disks,0.0,0.0193,0.017108915804340145,5
bouncing_disks,0.0005,0.00996,0.01204462535739489,5
bouncing_disks,0.001,0.00602,0.009162259546640229,5
bouncing_disks,0.005,0.00142,0.0002489979919597745,5
bouncing_disks,0.01,0.00134,0.00016733200530681517,5
bouncing_disks,0.05,0.0015,0.00029154759474226495,5
bouncing_disks,0.1,0.00138,0.00031144823004794877,5
bouncing_disks,0.2,0.00128,0.0003114482300479488,5
bouncing_disks,0.5,0.00132,0.0001923538406167134,5
bouncing_disks,0.7,0.0014399999999999999,0.00027928480087537874,5
bouncing_disks,1.0,0.0012200000000000002,0.00027748873851023213,5
bouncing_rings,0.0,0.008060000000000001,0.005180057914734158,5
bouncing_rings,0.0005,0.00424,0.004315437405408633,5
bouncing_rings,0.001,0.0027,0.001987460691435179,5
bouncing_rings,0.005,0.0013,0.0001224744871391589,5
bouncing_rings,0.01,0.0013000000000000002,0.0003082207001484488,5
bouncing_rings,0.05,0.00138,0.00021679483388678793,5
bouncing_rings,0.1,0.00136,0.0002701851217221259,5
bouncing_rings,0.2,0.0013399999999999998,0.0001516575088810311,5
bouncing_rings,0.5,0.00124,0.00023021728866442684,5
bouncing_rings,0.7,0.0012200000000000002,0.000216794833886788,5
bouncing_rings,1.0,0.0013399999999999998,0.0003209361307176243,5
electric_devices,0.0,0.027180000000000003,0.006986916344139238,5
electric_devices,0.0005,0.00938,0.004905303252603248,5
electric_devices,0.001,0.00412,0.002974390693906905,5
electric_devices,0.005,0.00152,0.0004207136793592525,5
electric_devices,0.01,0.0015,0.0003240370349203931,5
electric_devices,0.05,0.0015400000000000001,0.0003646916505762094,5
electric_devices,0.1,0.00136,0.00020736441353327728,5
electric_devices,0.2,0.0016400000000000002,0.00026076809620810597,5
electric_devices,0.5,0.00176,0.00021908902300206643,5
electric_devices,0.7,0.00156,0.00035071355833500367,5
electric_devices,1.0,0.00172,0.0003114482300479488,5
glioblastoma,0.0,0.00212,0.0006906518659932804,5
glioblastoma,0.0005,0.00104,0.00018165902124584948,5
glioblastoma,0.001,0.00104,0.00027018512172212586,5
glioblastoma,0.005,0.00116,0.00033615472627943223,5
glioblastoma,0.01,0.00114,0.000151657508881031,5
glioblastoma,0.05,0.001,0.00012247448713915895,5
glioblastoma,0.1,0.00116,0.0002408318915758459,5
glioblastoma,0.2,0.0012000000000000001,0.00021213203435596425,5
glioblastoma,0.5,0.00128,0.00038987177379235855,5
glioblastoma,0.7,0.00114,0.00011401754250991376,5
glioblastoma,1.0,0.00122,0.00025884358211089565,5
hela,0.0,0.03442,0.013127718766030907,5
hela,0.0005,0.0169,0.008800852231460314,5
hela,0.001,0.01432,0.010255827611655725,5
hela,0.005,0.006840000000000001,0.0035018566504070375,5
hela,0.01,0.00532,0.0028065993657805884,5
hela,0.05,0.006620000000000001,0.002601345805539894,5
hela,0.1,0.00786,0.0031910813214332217,5
hela,0.2,0.009080000000000001,0.003241450292693072,5
hela,0.5,0.00932,0.0037332291652134083,5
hela,0.7,0.00962,0.003529447548838203,5
hela,1.0,0.00946,0.0037044567752910814,5
lorenz96,0.0,0.00312,0.0011924764148611073,5
lorenz96,0.0005,0.0027400000000000002,0.0006066300355241242,5
lorenz96,0.001,0.00216,0.00044497190922573973,5
lorenz96,0.005,0.00198,0.00021679483388678802,5
lorenz96,0.01,0.00152,0.0003033150177620621,5
lorenz96,0.05,0.0014399999999999999,0.00027018512172212586,5
lorenz96,0.1,0.00122,0.0003768288736283354,5
lorenz96,0.2,0.0010999999999999998,0.00021213203435596425,5
lorenz96,0.5,0.00112,0.00028635642126552705,5
lorenz96,0.7,0.0012799999999999999,0.0003193743884534262,5
lorenz96,1.0,0.00142,0.00022803508501982757,5
moving_mnist,0.0,0.004520000000000001,0.0017683325479106017,5
moving_mnist,0.0005,0.00272,0.0018198901065723722,5
moving_mnist,0.001,0.00176,0.0013538833036861042,5
moving_mnist,0.005,0.00092,0.00013038404810405298,5
moving_mnist,0.01,0.001,0.00017320508075688767,5
moving_mnist,0.05,0.0008,0.00014142135623730954,5
moving_mnist,0.1,0.0009,0.00010000000000000003,5
moving_mnist,0.2,0.00092,0.00022803508501982754,5
moving_mnist,0.5,0.00092,8.366600265340756e-05,5
moving_mnist,0.7,0.0009999999999999998,0.00018708286933869704,5
moving_mnist,1.0,0.00092,0.00013038404810405298,5
orbiting_disks,0.0,0.0051,0.0018055470085267787,5
orbiting_disks,0.0005,0.0031,0.001876166303929372,5
orbiting_disks,0.001,0.00212,0.000708519583356734,5
orbiting_disks,0.005,0.0017399999999999998,0.0002880972058177587,5
orbiting_disks,0.01,0.0017399999999999998,5.477225575051663e-05,5
orbiting_disks,0.05,0.00196,0.00037815340802378067,5
orbiting_disks,0.1,0.0017399999999999998,0.00018165902124584954,5
orbiting_disks,0.2,0.0018599999999999999,0.0002073644135332773,5
orbiting_disks,0.5,0.0016400000000000002,0.00015165750888103096,5
orbiting_disks,0.7,0.00182,8.366600265340761e-05,5
orbiting_disks,1.0,0.0017399999999999998,0.00016733200530681506,5
orbiting_rings,0.0,0.0047,0.0015636495771111888,5
orbiting_rings,0.0005,0.00238,0.0009833615815151616,5
orbiting_rings,0.001,0.0018800000000000002,0.00043817804600413285,5
orbiting_rings,0.005,0.00182,0.00013038404810405296,5
orbiting_rings,0.01,0.0016400000000000002,0.0002302172886644269,5
orbiting_rings,0.05,0.00182,0.00016431676725154985,5
orbiting_rings,0.1,0.0017000000000000001,0.00015811388300841897,5
orbiting_rings,0.2,0.00194,0.00020736441353327728,5
orbiting_rings,0.5,0.0019,0.00029999999999999987,5
orbiting_rings,0.7,0.00182,0.00016431676725154985,5
orbiting_rings,1.0,0.0016799999999999999,0.00010954451150103309,5
