dataset,scenario,encoder,z_mean,z_std,z_pca_mean,z_pca_std,z_kpca_mean,z_kpca_std,best_spectral_mean,best_spectral_std,best_spectral_mode,best_spectral_label,best_laplacian_mean,best_laplacian_std,best_laplacian_mode,best_diffusion_mean,best_diffusion_std,best_diffusion_mode,fuse_h1_mean,fuse_h1_std,fuse_pca_mean,fuse_pca_std,fuse_kpca_mean,fuse_kpca_std,fuse_rff_mean,fuse_rff_std,direct_rff_mean,direct_rff_std,best_rff_mean,best_rff_std,best_rff_mode,best_topo_mean,best_topo_std,best_topo_mode,best_topo_label
bouncing_disks,latent_tda,AE,0.3429,0.0266,,,,,0.3453,0.0291,z_diffusion_h1,Diffusion,0.3461,0.0276,z_laplacian_h1,0.3453,0.0291,z_diffusion_h1,0.3639,0.0297,0.427,0.0273,0.3644,0.0277,0.3672,0.0283,0.3437,0.0282,0.3437,0.0282,z_rff_h1,0.3402,0.0256,z_h1,$H_1$
bouncing_disks,geo_latent_tda,GeoAE,0.0013,0.0003,,,,,0.0014,0.0002,z_laplacian_h1,Laplacian,0.0014,0.0002,z_laplacian_h1,0.0015,0.0003,z_diffusion_h1,0.0025,0.0003,0.0022,0.0007,0.0025,0.0003,0.0024,0.0005,0.0014,0.0003,0.0014,0.0003,z_rff_h1,0.001,0.0002,z_landscape_h0,Landscape $H_0$
bouncing_disks,topo_latent_tda,TopoAE,0.2158,0.0099,,,,,0.2152,0.0079,z_laplacian_h1,Laplacian,0.2152,0.0079,z_laplacian_h1,0.2166,0.0083,z_diffusion_h1,0.2259,0.0075,0.2258,0.01,0.2217,0.0096,0.2267,0.0069,0.2177,0.0091,0.2177,0.0091,z_rff_h1,0.207,0.0083,z_landscape_both,Landscape $H_0+H_1$
bouncing_rings,latent_tda,AE,0.2972,0.0474,,,,,0.2986,0.0509,z_laplacian_h1,Laplacian,0.2986,0.0509,z_laplacian_h1,0.3002,0.0486,z_diffusion_h1,0.3112,0.0561,0.3902,0.062,0.3104,0.0557,0.3116,0.0532,0.2937,0.0467,0.2937,0.0467,z_rff_h1,0.2955,0.0495,z_landscape_h1,Landscape $H_1$
bouncing_rings,geo_latent_tda,GeoAE,0.0013,0.0001,,,,,0.0013,0.0003,z_laplacian_h1,Laplacian,0.0013,0.0003,z_laplacian_h1,0.0014,0.0003,z_diffusion_h1,0.0023,0.0002,0.0022,0.0003,0.0023,0.0003,0.0019,0.0005,0.0013,0.0002,0.0013,0.0002,z_rff_h1,0.0011,0.0002,z_landscape_h0,Landscape $H_0$
bouncing_rings,topo_latent_tda,TopoAE,0.2104,0.012,,,,,0.2096,0.0091,z_laplacian_h1,Laplacian,0.2096,0.0091,z_laplacian_h1,0.2098,0.0113,z_diffusion_h1,0.216,0.0105,0.2187,0.0153,0.2148,0.0132,0.2208,0.0089,0.2082,0.0121,0.2082,0.0121,z_rff_h1,0.2024,0.0103,z_perslay_h0,PersLay $H_0$
orbiting_disks,latent_tda,AE,0.0052,0.0018,,,,,0.0051,0.0016,z_laplacian_h1,Laplacian,0.0051,0.0016,z_laplacian_h1,0.0051,0.0017,z_diffusion_h1,0.007,0.0028,0.0064,0.0023,0.0069,0.0027,0.0069,0.0028,0.0051,0.0015,0.0051,0.0015,z_rff_h1,0.0047,0.0016,z_perslay_h0,PersLay $H_0$
orbiting_disks,geo_latent_tda,GeoAE,0.0017,0.0001,,,,,0.0017,0.0001,z_fuse_laplacian_h1,Fuse Laplacian,0.0017,0.0001,z_fuse_laplacian_h1,0.0017,0.0002,z_fuse_diffusion_h1,0.0015,0.0001,0.0016,0.0002,0.0016,0.0001,0.0018,0.0001,0.0017,0.0001,0.0017,0.0001,z_rff_h1,0.0011,0.0001,z_perslay_h0,PersLay $H_0$
orbiting_disks,topo_latent_tda,TopoAE,0.2281,0.0124,,,,,0.2235,0.0107,z_diffusion_h1,Diffusion,0.228,0.0095,z_laplacian_h1,0.2235,0.0107,z_diffusion_h1,0.2761,0.0162,0.2766,0.0071,0.28,0.0105,0.2635,0.0213,0.2239,0.0079,0.2239,0.0079,z_rff_h1,0.2083,0.0076,z_landscape_h1,Landscape $H_1$
orbiting_rings,latent_tda,AE,0.0045,0.0014,,,,,0.0044,0.0015,z_laplacian_h1,Laplacian,0.0044,0.0015,z_laplacian_h1,0.0046,0.0014,z_diffusion_h1,0.0056,0.0019,0.0055,0.0019,0.0056,0.0021,0.0055,0.0019,0.0047,0.0014,0.0047,0.0014,z_rff_h1,0.004,0.0013,z_perslay_h0,PersLay $H_0$
orbiting_rings,geo_latent_tda,GeoAE,0.0017,0.0001,,,,,0.0016,0.0001,z_fuse_laplacian_h1,Fuse Laplacian,0.0016,0.0001,z_fuse_laplacian_h1,0.0016,0.0001,z_fuse_diffusion_h1,0.0017,0.0001,0.0014,0.0001,0.0016,0.0001,0.0016,0.0001,0.0016,0.0001,0.0016,0.0001,z_rff_h1,0.001,0.0001,z_perslay_h0,PersLay $H_0$
orbiting_rings,topo_latent_tda,TopoAE,0.2321,0.0144,,,,,0.2326,0.016,z_laplacian_h1,Laplacian,0.2326,0.016,z_laplacian_h1,0.2394,0.0141,z_diffusion_h1,0.2617,0.0202,0.2723,0.0302,0.2653,0.0232,0.2688,0.0255,0.2337,0.0106,0.2337,0.0106,z_rff_h1,0.2254,0.008,z_landscape_h1,Landscape $H_1$
moving_mnist,latent_tda,AE,0.0048,0.0019,,,,,0.0046,0.0019,z_laplacian_h1,Laplacian,0.0046,0.0019,z_laplacian_h1,0.0046,0.0017,z_diffusion_h1,0.0087,0.0028,0.0081,0.0033,0.0086,0.0028,0.0086,0.003,0.0048,0.002,0.0048,0.002,z_rff_h1,0.0046,0.0018,z_both,$H_0+H_1$
moving_mnist,geo_latent_tda,GeoAE,0.0009,0.0001,,,,,0.0009,0.0001,z_diffusion_h1,Diffusion,0.001,0.0001,z_laplacian_h1,0.0009,0.0001,z_diffusion_h1,0.0027,0.0005,0.0015,0.0005,0.0021,0.0005,0.0027,0.0002,0.0011,0.0002,0.0011,0.0002,z_rff_h1,0.0009,0.0001,z_h0,$H_0$
moving_mnist,topo_latent_tda,TopoAE,0.2868,0.0056,,,,,0.2895,0.0096,z_laplacian_h1,Laplacian,0.2895,0.0096,z_laplacian_h1,0.2918,0.0102,z_diffusion_h1,0.3037,0.0119,0.3,0.0098,0.3041,0.0104,0.3064,0.0126,0.2903,0.0056,0.2903,0.0056,z_rff_h1,0.2748,0.0061,z_landscape_both,Landscape $H_0+H_1$
lorenz96,latent_tda,AE,0.1536,0.0057,,,,,0.1505,0.0031,z_diffusion_h1,Diffusion,0.1532,0.0063,z_laplacian_h1,0.1505,0.0031,z_diffusion_h1,0.1998,0.0223,0.2081,0.0274,0.2042,0.0229,0.1962,0.0194,0.1441,0.0078,0.1441,0.0078,z_rff_h1,0.142,0.0119,z_pi_h1,PI $H_1$
lorenz96,geo_latent_tda,GeoAE,0.0012,0.0003,,,,,0.0012,0.0002,z_diffusion_h1,Diffusion,0.0014,0.0003,z_laplacian_h1,0.0012,0.0002,z_diffusion_h1,0.0017,0.0005,0.0022,0.0003,0.0017,0.0003,0.0021,0.0003,0.0015,0.0001,0.0015,0.0001,z_rff_h1,0.0012,0.0001,z_perslay_both,PersLay $H_0+H_1$
lorenz96,topo_latent_tda,TopoAE,0.2726,0.0298,,,,,0.2726,0.0309,z_diffusion_h1,Diffusion,0.281,0.0369,z_laplacian_h1,0.2726,0.0309,z_diffusion_h1,0.3264,0.0258,0.4258,0.0256,0.3299,0.0254,0.3322,0.0198,0.2749,0.03,0.2749,0.03,z_rff_h1,0.2745,0.0394,z_h1,$H_1$
electric_devices,latent_tda,AE,0.0139,0.0072,,,,,0.0118,0.0051,z_laplacian_h1,Laplacian,0.0118,0.0051,z_laplacian_h1,0.0127,0.0054,z_diffusion_h1,0.0167,0.0094,0.0172,0.0106,0.017,0.0095,0.018,0.0113,0.0124,0.0065,0.0124,0.0065,z_rff_h1,0.0102,0.0031,z_pi_h1,PI $H_1$
electric_devices,geo_latent_tda,GeoAE,0.0014,0.0001,,,,,0.0016,0.0003,z_laplacian_h1,Laplacian,0.0016,0.0003,z_laplacian_h1,0.0018,0.0001,z_diffusion_h1,0.0017,0.0001,0.0014,0.0002,0.0017,0.0002,0.002,0.0002,0.0014,0.0001,0.0014,0.0001,z_rff_h1,0.0011,0.0002,z_both,$H_0+H_1$
electric_devices,topo_latent_tda,TopoAE,0.0615,0.0047,,,,,0.0604,0.0053,z_diffusion_h1,Diffusion,0.0669,0.0079,z_laplacian_h1,0.0604,0.0053,z_diffusion_h1,0.121,0.0144,0.1205,0.0105,0.107,0.0167,0.129,0.02,0.0626,0.008,0.0626,0.008,z_rff_h1,0.0492,0.0025,z_landscape_both,Landscape $H_0+H_1$
hela,latent_tda,AE,0.0437,0.0107,,,,,0.0409,0.0051,z_diffusion_h1,Diffusion,0.0426,0.0084,z_laplacian_h1,0.0409,0.0051,z_diffusion_h1,0.0496,0.0081,0.048,0.0076,0.0488,0.0098,0.0499,0.0093,0.0418,0.0088,0.0418,0.0088,z_rff_h1,0.0383,0.0083,z_landscape_h1,Landscape $H_1$
hela,geo_latent_tda,GeoAE,0.0072,0.0032,,,,,0.0079,0.0038,z_laplacian_h1,Laplacian,0.0079,0.0038,z_laplacian_h1,0.0087,0.0039,z_diffusion_h1,0.0146,0.0033,0.013,0.0044,0.0127,0.0041,0.0115,0.0043,0.008,0.0033,0.008,0.0033,z_rff_h1,0.0071,0.0033,z_landscape_h1,Landscape $H_1$
hela,topo_latent_tda,TopoAE,0.0587,0.0365,,,,,0.0558,0.0326,z_laplacian_h1,Laplacian,0.0558,0.0326,z_laplacian_h1,0.0586,0.0339,z_diffusion_h1,0.0644,0.0351,0.064,0.0354,0.0675,0.0392,0.0645,0.0351,0.0605,0.0361,0.0605,0.0361,z_rff_h1,0.055,0.0324,z_landscape_h1,Landscape $H_1$
glioblastoma,latent_tda,AE,0.0027,0.001,,,,,0.0025,0.0009,z_diffusion_h1,Diffusion,0.0032,0.0012,z_laplacian_h1,0.0025,0.0009,z_diffusion_h1,0.01,0.0024,0.0079,0.0025,0.0086,0.0022,0.0071,0.0019,0.0022,0.0005,0.0022,0.0005,z_rff_h1,0.0021,0.0006,z_perslay_h1,PersLay $H_1$
glioblastoma,geo_latent_tda,GeoAE,0.0011,0.0001,,,,,0.0012,0.0005,z_laplacian_h1,Laplacian,0.0012,0.0005,z_laplacian_h1,0.0015,0.0004,z_diffusion_h1,0.0063,0.0035,0.0066,0.0029,0.0062,0.0019,0.008,0.0019,0.0017,0.0005,0.0017,0.0005,z_rff_h1,0.0008,0.0001,z_landscape_h0,Landscape $H_0$
glioblastoma,topo_latent_tda,TopoAE,0.004,0.0013,,,,,0.0037,0.0011,z_diffusion_h1,Diffusion,0.004,0.0015,z_laplacian_h1,0.0037,0.0011,z_diffusion_h1,0.0078,0.0015,0.0092,0.0031,0.0081,0.0017,0.0075,0.0012,0.0048,0.0015,0.0048,0.0015,z_rff_h1,0.0033,0.0008,z_perslay_h1,PersLay $H_1$
