dataset,spearman_rho,ae_pca_pct,ae_mse,geoae_pca_pct,geoae_mse,topoae_pca_pct,topoae_mse
bouncing_disks,1.0,52.01005935668945,0.3429,21.316421031951897,0.0013,47.533118724823,0.2158
bouncing_rings,1.0,75.76241493225098,0.2972,18.331825733184807,0.0013,49.88572001457214,0.2104
orbiting_disks,0.5,93.57506036758424,0.0052,13.725894689559931,0.0017,42.69236326217651,0.2281
orbiting_rings,0.5,94.27210092544556,0.0045,15.36668241024017,0.0017,44.57529187202453,0.2321
moving_mnist,0.5,89.80157375335693,0.0048,35.7628583908081,0.0009,48.26285243034363,0.2868
lorenz96,0.5,33.16486477851867,0.1536,14.618144929409018,0.0012,25.28042197227478,0.2726
electric_devices,0.5,99.55232739448549,0.0139,29.39252257347107,0.0014,64.67657089233398,0.0615
glioblastoma,1.0,49.766629934310906,0.0027,28.134077787399292,0.0011,59.885501861572266,0.004
hela,0.5,97.8799045085907,0.0437,72.9034423828125,0.0072,86.83057427406311,0.0587
