topology_descriptor,control,dataset,topology_mse,control_mse,relative_gain,topology_wins
Betti $H_1$,PCA,bouncing_disks,0.18523333333333336,0.21833333333333335,0.15160305343511446,True
Betti $H_1$,PCA,bouncing_rings,0.16946666666666668,0.2037,0.16805760104729167,True
Betti $H_1$,PCA,orbiting_disks,0.07583333333333334,0.09486666666666667,0.2006324666198173,True
Betti $H_1$,PCA,orbiting_rings,0.07809999999999999,0.09306666666666667,0.16081661891117496,True
Betti $H_1$,PCA,moving_mnist,0.09783333333333334,0.1032,0.05200258397932809,True
Betti $H_1$,PCA,lorenz96,0.14033333333333334,0.21203333333333332,0.3381543782424147,True
Betti $H_1$,PCA,electric_devices,0.025900000000000003,0.04636666666666667,0.44140905823148807,True
Betti $H_1$,PCA,hela,0.035500000000000004,0.041666666666666664,0.14799999999999985,True
Betti $H_1$,PCA,glioblastoma,0.0026333333333333334,0.007899999999999999,0.6666666666666666,True
Betti $H_1$,KPCA,bouncing_disks,0.18523333333333336,0.1962,0.0558953448861705,True
Betti $H_1$,KPCA,bouncing_rings,0.16946666666666668,0.17583333333333337,0.03620853080568731,True
Betti $H_1$,KPCA,orbiting_disks,0.07583333333333334,0.09616666666666668,0.2114384748700174,True
Betti $H_1$,KPCA,orbiting_rings,0.07809999999999999,0.09083333333333332,0.1401834862385321,True
Betti $H_1$,KPCA,moving_mnist,0.09783333333333334,0.10493333333333332,0.067662007623888,True
Betti $H_1$,KPCA,lorenz96,0.14033333333333334,0.1786,0.21425905188503175,True
Betti $H_1$,KPCA,electric_devices,0.025900000000000003,0.0419,0.38186157517899755,True
Betti $H_1$,KPCA,hela,0.035500000000000004,0.043000000000000003,0.17441860465116277,True
Betti $H_1$,KPCA,glioblastoma,0.0026333333333333334,0.007633333333333333,0.6550218340611353,True
Betti $H_1$,Laplacian,bouncing_disks,0.18523333333333336,0.18756666666666666,0.012440021325750658,True
Betti $H_1$,Laplacian,bouncing_rings,0.16946666666666668,0.16983333333333336,0.002158979391560442,True
Betti $H_1$,Laplacian,orbiting_disks,0.07583333333333334,0.07826666666666666,0.031090289608177116,True
Betti $H_1$,Laplacian,orbiting_rings,0.07809999999999999,0.07953333333333333,0.018021793797150153,True
Betti $H_1$,Laplacian,moving_mnist,0.09783333333333334,0.09836666666666666,0.005421890884445777,True
Betti $H_1$,Laplacian,lorenz96,0.14033333333333334,0.14520000000000002,0.033516988062442736,True
Betti $H_1$,Laplacian,electric_devices,0.025900000000000003,0.026766666666666664,0.03237858032378561,True
Betti $H_1$,Laplacian,hela,0.035500000000000004,0.03543333333333334,-0.0018814675446848425,False
Betti $H_1$,Laplacian,glioblastoma,0.0026333333333333334,0.0028000000000000004,0.05952380952380962,True
Betti $H_1$,Diffusion,bouncing_disks,0.18523333333333336,0.1878,0.013667021654241928,True
Betti $H_1$,Diffusion,bouncing_rings,0.16946666666666668,0.17046666666666668,0.005866249511145879,True
Betti $H_1$,Diffusion,orbiting_disks,0.07583333333333334,0.07676666666666666,0.012158054711246128,True
Betti $H_1$,Diffusion,orbiting_rings,0.07809999999999999,0.08186666666666667,0.04600977198697087,True
Betti $H_1$,Diffusion,moving_mnist,0.09783333333333334,0.09910000000000001,0.012781701984527405,True
Betti $H_1$,Diffusion,lorenz96,0.14033333333333334,0.14143333333333333,0.007777515908555196,True
Betti $H_1$,Diffusion,electric_devices,0.025900000000000003,0.024966666666666665,-0.03738317757009365,False
Betti $H_1$,Diffusion,hela,0.035500000000000004,0.036066666666666664,0.015711645101663396,True
Betti $H_1$,Diffusion,glioblastoma,0.0026333333333333334,0.0025666666666666667,-0.025974025974025986,False
Betti $H_1$,RFF,bouncing_disks,0.18523333333333336,0.1876,0.012615493958777335,True
Betti $H_1$,RFF,bouncing_rings,0.16946666666666668,0.16773333333333337,-0.010333863275039597,False
Betti $H_1$,RFF,orbiting_disks,0.07583333333333334,0.0769,0.013870827915041095,True
Betti $H_1$,RFF,orbiting_rings,0.07809999999999999,0.08,0.02375000000000016,True
Betti $H_1$,RFF,moving_mnist,0.09783333333333334,0.09873333333333334,0.009115462525320708,True
Betti $H_1$,RFF,lorenz96,0.14033333333333334,0.14016666666666666,-0.0011890606420928138,False
Betti $H_1$,RFF,electric_devices,0.025900000000000003,0.025466666666666665,-0.017015706806282893,False
Betti $H_1$,RFF,hela,0.035500000000000004,0.03676666666666666,0.03445149592021739,True
Betti $H_1$,RFF,glioblastoma,0.0026333333333333334,0.0029,0.09195402298850565,True
PI $H_1$,PCA,bouncing_disks,0.18730000000000002,0.21833333333333335,0.14213740458015264,True
PI $H_1$,PCA,bouncing_rings,0.17003333333333334,0.2037,0.16527573228604148,True
PI $H_1$,PCA,orbiting_disks,0.07583333333333334,0.09486666666666667,0.2006324666198173,True
PI $H_1$,PCA,orbiting_rings,0.07786666666666667,0.09306666666666667,0.16332378223495705,True
PI $H_1$,PCA,moving_mnist,0.0972,0.1032,0.058139534883720985,True
PI $H_1$,PCA,lorenz96,0.1398,0.21203333333333332,0.3406697060210658,True
PI $H_1$,PCA,electric_devices,0.0232,0.04636666666666667,0.4996405463695184,True
PI $H_1$,PCA,hela,0.03903333333333334,0.041666666666666664,0.06319999999999987,True
PI $H_1$,PCA,glioblastoma,0.0034999999999999996,0.007899999999999999,0.5569620253164557,True
PI $H_1$,KPCA,bouncing_disks,0.18730000000000002,0.1962,0.04536187563710495,True
PI $H_1$,KPCA,bouncing_rings,0.17003333333333334,0.17583333333333337,0.032985781990521476,True
PI $H_1$,KPCA,orbiting_disks,0.07583333333333334,0.09616666666666668,0.2114384748700174,True
PI $H_1$,KPCA,orbiting_rings,0.07786666666666667,0.09083333333333332,0.14275229357798153,True
PI $H_1$,KPCA,moving_mnist,0.0972,0.10493333333333332,0.07369758576874201,True
PI $H_1$,KPCA,lorenz96,0.1398,0.1786,0.21724524076147816,True
PI $H_1$,KPCA,electric_devices,0.0232,0.0419,0.4463007159904535,True
PI $H_1$,KPCA,hela,0.03903333333333334,0.043000000000000003,0.09224806201550388,True
PI $H_1$,KPCA,glioblastoma,0.0034999999999999996,0.007633333333333333,0.5414847161572053,True
PI $H_1$,Laplacian,bouncing_disks,0.18730000000000002,0.18756666666666666,0.0014217167229427972,True
PI $H_1$,Laplacian,bouncing_rings,0.17003333333333334,0.16983333333333336,-0.0011776251226691538,False
PI $H_1$,Laplacian,orbiting_disks,0.07583333333333334,0.07826666666666666,0.031090289608177116,True
PI $H_1$,Laplacian,orbiting_rings,0.07786666666666667,0.07953333333333333,0.020955574182732566,True
PI $H_1$,Laplacian,moving_mnist,0.0972,0.09836666666666666,0.011860386309725482,True
PI $H_1$,Laplacian,lorenz96,0.1398,0.14520000000000002,0.037190082644628204,True
PI $H_1$,Laplacian,electric_devices,0.0232,0.026766666666666664,0.1332503113325031,True
PI $H_1$,Laplacian,hela,0.03903333333333334,0.03543333333333334,-0.10159924741298208,False
PI $H_1$,Laplacian,glioblastoma,0.0034999999999999996,0.0028000000000000004,-0.2499999999999997,False
PI $H_1$,Diffusion,bouncing_disks,0.18730000000000002,0.1878,0.002662406815761303,True
PI $H_1$,Diffusion,bouncing_rings,0.17003333333333334,0.17046666666666668,0.0025420414548299242,True
PI $H_1$,Diffusion,orbiting_disks,0.07583333333333334,0.07676666666666666,0.012158054711246128,True
PI $H_1$,Diffusion,orbiting_rings,0.07786666666666667,0.08186666666666667,0.04885993485342024,True
PI $H_1$,Diffusion,moving_mnist,0.0972,0.09910000000000001,0.019172552976791248,True
PI $H_1$,Diffusion,lorenz96,0.1398,0.14143333333333333,0.011548432712703182,True
PI $H_1$,Diffusion,electric_devices,0.0232,0.024966666666666665,0.07076101468624832,True
PI $H_1$,Diffusion,hela,0.03903333333333334,0.036066666666666664,-0.08225508317929778,False
PI $H_1$,Diffusion,glioblastoma,0.0034999999999999996,0.0025666666666666667,-0.3636363636363634,False
PI $H_1$,RFF,bouncing_disks,0.18730000000000002,0.1876,0.0015991471215350051,True
PI $H_1$,RFF,bouncing_rings,0.17003333333333334,0.16773333333333337,-0.013712241653417934,False
PI $H_1$,RFF,orbiting_disks,0.07583333333333334,0.0769,0.013870827915041095,True
PI $H_1$,RFF,orbiting_rings,0.07786666666666667,0.08,0.02666666666666668,True
PI $H_1$,RFF,moving_mnist,0.0972,0.09873333333333334,0.015530047265361358,True
PI $H_1$,RFF,lorenz96,0.1398,0.14016666666666666,0.0026159334126039527,True
PI $H_1$,RFF,electric_devices,0.0232,0.025466666666666665,0.08900523560209425,True
PI $H_1$,RFF,hela,0.03903333333333334,0.03676666666666666,-0.061650045330915886,False
PI $H_1$,RFF,glioblastoma,0.0034999999999999996,0.0029,-0.2068965517241379,False
Landscape $H_1$,PCA,bouncing_disks,0.18643333333333334,0.21833333333333335,0.14610687022900767,True
Landscape $H_1$,PCA,bouncing_rings,0.16846666666666665,0.2037,0.17296678121420392,True
Landscape $H_1$,PCA,orbiting_disks,0.07166666666666667,0.09486666666666667,0.24455375966268444,True
Landscape $H_1$,PCA,orbiting_rings,0.07723333333333333,0.09306666666666667,0.17012893982808028,True
Landscape $H_1$,PCA,moving_mnist,0.09463333333333335,0.1032,0.08301033591731252,True
Landscape $H_1$,PCA,lorenz96,0.1419,0.21203333333333332,0.3307656028926269,True
Landscape $H_1$,PCA,electric_devices,0.020633333333333333,0.04636666666666667,0.5549964054636952,True
Landscape $H_1$,PCA,hela,0.033466666666666665,0.041666666666666664,0.19679999999999997,True
Landscape $H_1$,PCA,glioblastoma,0.0025,0.007899999999999999,0.6835443037974682,True
Landscape $H_1$,KPCA,bouncing_disks,0.18643333333333334,0.1962,0.04977913693510027,True
Landscape $H_1$,KPCA,bouncing_rings,0.16846666666666665,0.17583333333333337,0.04189573459715667,True
Landscape $H_1$,KPCA,orbiting_disks,0.07166666666666667,0.09616666666666668,0.2547660311958406,True
Landscape $H_1$,KPCA,orbiting_rings,0.07723333333333333,0.09083333333333332,0.14972477064220172,True
Landscape $H_1$,KPCA,moving_mnist,0.09463333333333335,0.10493333333333332,0.09815756035578123,True
Landscape $H_1$,KPCA,lorenz96,0.1419,0.1786,0.20548712206047037,True
Landscape $H_1$,KPCA,electric_devices,0.020633333333333333,0.0419,0.507557677008751,True
Landscape $H_1$,KPCA,hela,0.033466666666666665,0.043000000000000003,0.22170542635658924,True
Landscape $H_1$,KPCA,glioblastoma,0.0025,0.007633333333333333,0.6724890829694323,True
Landscape $H_1$,Laplacian,bouncing_disks,0.18643333333333334,0.18756666666666666,0.006042296072507479,True
Landscape $H_1$,Laplacian,bouncing_rings,0.16846666666666665,0.16983333333333336,0.008047105004907028,True
Landscape $H_1$,Laplacian,orbiting_disks,0.07166666666666667,0.07826666666666666,0.08432708688245309,True
Landscape $H_1$,Laplacian,orbiting_rings,0.07723333333333333,0.07953333333333333,0.028918692372170953,True
Landscape $H_1$,Laplacian,moving_mnist,0.09463333333333335,0.09836666666666666,0.037953236191121426,True
Landscape $H_1$,Laplacian,lorenz96,0.1419,0.14520000000000002,0.022727272727272898,True
Landscape $H_1$,Laplacian,electric_devices,0.020633333333333333,0.026766666666666664,0.22914072229140714,True
Landscape $H_1$,Laplacian,hela,0.033466666666666665,0.03543333333333334,0.05550329256820335,True
Landscape $H_1$,Laplacian,glioblastoma,0.0025,0.0028000000000000004,0.10714285714285725,True
Landscape $H_1$,Diffusion,bouncing_disks,0.18643333333333334,0.1878,0.007277245296414563,True
Landscape $H_1$,Diffusion,bouncing_rings,0.16846666666666665,0.17046666666666668,0.01173249902229192,True
Landscape $H_1$,Diffusion,orbiting_disks,0.07166666666666667,0.07676666666666666,0.06643508467216666,True
Landscape $H_1$,Diffusion,orbiting_rings,0.07723333333333333,0.08186666666666667,0.056596091205211765,True
Landscape $H_1$,Diffusion,moving_mnist,0.09463333333333335,0.09910000000000001,0.04507231752438608,True
Landscape $H_1$,Diffusion,lorenz96,0.1419,0.14143333333333333,-0.0032995522036295367,False
Landscape $H_1$,Diffusion,electric_devices,0.020633333333333333,0.024966666666666665,0.17356475300400528,True
Landscape $H_1$,Diffusion,hela,0.033466666666666665,0.036066666666666664,0.07208872458410347,True
Landscape $H_1$,Diffusion,glioblastoma,0.0025,0.0025666666666666667,0.025974025974025986,True
Landscape $H_1$,RFF,bouncing_disks,0.18643333333333334,0.1876,0.006218905472636723,True
Landscape $H_1$,RFF,bouncing_rings,0.16846666666666665,0.16773333333333337,-0.004372019077901114,False
Landscape $H_1$,RFF,orbiting_disks,0.07166666666666667,0.0769,0.06805374945817069,True
Landscape $H_1$,RFF,orbiting_rings,0.07723333333333333,0.08,0.03458333333333334,True
Landscape $H_1$,RFF,moving_mnist,0.09463333333333335,0.09873333333333334,0.041525995948683246,True
Landscape $H_1$,RFF,lorenz96,0.1419,0.14016666666666666,-0.01236623067776459,False
Landscape $H_1$,RFF,electric_devices,0.020633333333333333,0.025466666666666665,0.18979057591623033,True
Landscape $H_1$,RFF,hela,0.033466666666666665,0.03676666666666666,0.08975521305530365,True
Landscape $H_1$,RFF,glioblastoma,0.0025,0.0029,0.13793103448275854,True
PersLay $H_1$,PCA,bouncing_disks,0.18733333333333335,0.21833333333333335,0.14198473282442747,True
PersLay $H_1$,PCA,bouncing_rings,0.16903333333333334,0.2037,0.1701849124529536,True
PersLay $H_1$,PCA,orbiting_disks,0.07426666666666666,0.09486666666666667,0.2171468728039354,True
PersLay $H_1$,PCA,orbiting_rings,0.0772,0.09306666666666667,0.17048710601719197,True
PersLay $H_1$,PCA,moving_mnist,0.09736666666666666,0.1032,0.05652454780361767,True
PersLay $H_1$,PCA,lorenz96,0.1411,0.21203333333333332,0.33453859456060364,True
PersLay $H_1$,PCA,electric_devices,0.023000000000000003,0.04636666666666667,0.5039539899352983,True
PersLay $H_1$,PCA,hela,0.03456666666666667,0.041666666666666664,0.17039999999999988,True
PersLay $H_1$,PCA,glioblastoma,0.0023,0.007899999999999999,0.7088607594936709,True
PersLay $H_1$,KPCA,bouncing_disks,0.18733333333333335,0.1962,0.045191980971797455,True
PersLay $H_1$,KPCA,bouncing_rings,0.16903333333333334,0.17583333333333337,0.038672985781990674,True
PersLay $H_1$,KPCA,orbiting_disks,0.07426666666666666,0.09616666666666668,0.227729636048527,True
PersLay $H_1$,KPCA,orbiting_rings,0.0772,0.09083333333333332,0.1500917431192659,True
PersLay $H_1$,KPCA,moving_mnist,0.09736666666666666,0.10493333333333332,0.07210927573062262,True
PersLay $H_1$,KPCA,lorenz96,0.1411,0.1786,0.20996640537514,True
PersLay $H_1$,KPCA,electric_devices,0.023000000000000003,0.0419,0.45107398568019086,True
PersLay $H_1$,KPCA,hela,0.03456666666666667,0.043000000000000003,0.19612403100775194,True
PersLay $H_1$,KPCA,glioblastoma,0.0023,0.007633333333333333,0.6986899563318777,True
PersLay $H_1$,Laplacian,bouncing_disks,0.18733333333333335,0.18756666666666666,0.0012440021325749475,True
PersLay $H_1$,Laplacian,bouncing_rings,0.16903333333333334,0.16983333333333336,0.004710500490677268,True
PersLay $H_1$,Laplacian,orbiting_disks,0.07426666666666666,0.07826666666666666,0.05110732538330499,True
PersLay $H_1$,Laplacian,orbiting_rings,0.0772,0.07953333333333333,0.02933780385582556,True
PersLay $H_1$,Laplacian,moving_mnist,0.09736666666666666,0.09836666666666666,0.010166045408336167,True
PersLay $H_1$,Laplacian,lorenz96,0.1411,0.14520000000000002,0.0282369146005511,True
PersLay $H_1$,Laplacian,electric_devices,0.023000000000000003,0.026766666666666664,0.14072229140722273,True
PersLay $H_1$,Laplacian,hela,0.03456666666666667,0.03543333333333334,0.02445907808090315,True
PersLay $H_1$,Laplacian,glioblastoma,0.0023,0.0028000000000000004,0.17857142857142871,True
PersLay $H_1$,Diffusion,bouncing_disks,0.18733333333333335,0.1878,0.0024849130280438928,True
PersLay $H_1$,Diffusion,bouncing_rings,0.16903333333333334,0.17046666666666668,0.008408290965975803,True
PersLay $H_1$,Diffusion,orbiting_disks,0.07426666666666666,0.07676666666666666,0.032566217976552354,True
PersLay $H_1$,Diffusion,orbiting_rings,0.0772,0.08186666666666667,0.05700325732899022,True
PersLay $H_1$,Diffusion,moving_mnist,0.09736666666666666,0.09910000000000001,0.017490750084090317,True
PersLay $H_1$,Diffusion,lorenz96,0.1411,0.14143333333333333,0.002356823002592442,True
PersLay $H_1$,Diffusion,electric_devices,0.023000000000000003,0.024966666666666665,0.07877169559412531,True
PersLay $H_1$,Diffusion,hela,0.03456666666666667,0.036066666666666664,0.0415896487985211,True
PersLay $H_1$,Diffusion,glioblastoma,0.0023,0.0025666666666666667,0.10389610389610394,True
PersLay $H_1$,RFF,bouncing_disks,0.18733333333333335,0.1876,0.0014214641080311158,True
PersLay $H_1$,RFF,bouncing_rings,0.16903333333333334,0.16773333333333337,-0.007750397456279616,False
PersLay $H_1$,RFF,orbiting_disks,0.07426666666666666,0.0769,0.03424360641525793,True
PersLay $H_1$,RFF,orbiting_rings,0.0772,0.08,0.03499999999999996,True
PersLay $H_1$,RFF,moving_mnist,0.09736666666666666,0.09873333333333334,0.013841998649561269,True
PersLay $H_1$,RFF,lorenz96,0.1411,0.14016666666666666,-0.00665873959571944,False
PersLay $H_1$,RFF,electric_devices,0.023000000000000003,0.025466666666666665,0.09685863874345532,True
PersLay $H_1$,RFF,hela,0.03456666666666667,0.03676666666666666,0.059836808703535645,True
PersLay $H_1$,RFF,glioblastoma,0.0023,0.0029,0.2068965517241379,True
