topology_descriptor,control,dataset_encoder_wins,dataset_encoder_n,dataset_wins,dataset_n,avg_gain,p_less,p_two_sided
Betti $H_1$,PCA,25,27,9,9,0.2585936030148106,0.001953125,0.00390625
Betti $H_1$,KPCA,26,27,9,9,0.21521654557784697,0.001953125,0.00390625
Betti $H_1$,Laplacian,14,27,8,9,0.02140787615249303,0.00390625,0.0078125
Betti $H_1$,Diffusion,14,27,7,9,0.0056238619238034625,0.01953125,0.0390625
Betti $H_1$,RFF,14,27,6,9,0.017468741398271894,0.1015625,0.203125
PI $H_1$,PCA,23,27,9,9,0.24333124425685881,0.001953125,0.00390625
PI $H_1$,KPCA,24,27,9,9,0.2003905274187787,0.001953125,0.00390625
PI $H_1$,Laplacian,13,27,6,9,-0.013000945748326852,0.125,0.25
PI $H_1$,Diffusion,12,27,7,9,-0.030909667622740094,0.125,0.25
PI $H_1$,RFF,12,27,6,9,-0.01477455341390771,0.41015625,0.8203125
Landscape $H_1$,PCA,25,27,9,9,0.28698588877834214,0.001953125,0.00390625
Landscape $H_1$,KPCA,26,27,9,9,0.2446180602357026,0.001953125,0.00390625
Landscape $H_1$,Laplacian,18,27,9,9,0.06442250680587785,0.001953125,0.00390625
Landscape $H_1$,Diffusion,16,27,8,9,0.05060457656433068,0.005859375,0.01171875
Landscape $H_1$,RFF,14,27,7,9,0.06123561754571676,0.02734375,0.0546875
PersLay $H_1$,PCA,24,27,9,9,0.2748979462101888,0.001953125,0.00390625
PersLay $H_1$,KPCA,25,27,9,9,0.2321833333385738,0.001953125,0.00390625
PersLay $H_1$,Laplacian,16,27,9,9,0.05206170999231385,0.001953125,0.00390625
PersLay $H_1$,Diffusion,18,27,9,9,0.03828530007499949,0.001953125,0.00390625
PersLay $H_1$,RFF,15,27,7,9,0.04818777014355334,0.037109375,0.07421875
