dataset,dataset_label,scenario,encoder,seed,target,model,n_train,n_test,split_mode,z_dim,target_dim,target_dim_total,target_std_threshold,r2_uniform,r2_variance_weighted,mse,train_payload,test_payload
bouncing_disks,Bouncing disks,latent_tda,AE,0,h1,mlp,7380,1836,sequence_random,64,11,16,0.001,-0.0029019550420343876,0.015250040218234062,0.07564471662044525,models/bouncing_disks/latent_tda_features/seed0_train_T50_B128_H64_W64_latent64_win15_bins16.pt,models/bouncing_disks/latent_tda_features/seed0_test_T50_B128_H64_W64_latent64_win15_bins16.pt
bouncing_disks,Bouncing disks,latent_tda,AE,1,h1,mlp,18432,4608,sequence_random,64,11,16,0.001,0.02186768688261509,0.06397519260644913,0.08433035016059875,models/bouncing_disks/latent_tda_features/seed1_train_T50_B512_H64_W64_latent64_win15_bins16.pt,models/bouncing_disks/latent_tda_features/seed1_test_T50_B128_H64_W64_latent64_win15_bins16.pt
bouncing_disks,Bouncing disks,latent_tda,AE,2,h1,mlp,18432,4608,sequence_random,64,10,16,0.001,0.014701438136398792,0.04940149933099747,0.07737456262111664,models/bouncing_disks/latent_tda_features/seed2_train_T50_B512_H64_W64_latent64_win15_bins16.pt,models/bouncing_disks/latent_tda_features/seed2_test_T50_B128_H64_W64_latent64_win15_bins16.pt
bouncing_disks,Bouncing disks,latent_tda,AE,3,h1,mlp,18432,4608,sequence_random,64,10,16,0.001,0.01781783066689968,0.048841692507267,0.09242137521505356,models/bouncing_disks/latent_tda_features/seed3_train_T50_B512_H64_W64_latent64_win15_bins16.pt,models/bouncing_disks/latent_tda_features/seed3_test_T50_B128_H64_W64_latent64_win15_bins16.pt
bouncing_disks,Bouncing disks,latent_tda,AE,4,h1,mlp,18432,4608,sequence_random,64,11,16,0.001,0.005641021300107241,0.04049636051058769,0.08614865690469742,models/bouncing_disks/latent_tda_features/seed4_train_T50_B512_H64_W64_latent64_win15_bins16.pt,models/bouncing_disks/latent_tda_features/seed4_test_T50_B128_H64_W64_latent64_win15_bins16.pt
bouncing_disks,Bouncing disks,geo_latent_tda,GeoAE,0,h1,mlp,7380,1836,sequence_random,64,8,16,0.001,-0.050546079874038696,-0.06507978588342667,0.13787178695201874,models/bouncing_disks_geoae_lam0.1/latent_tda_features/seed0_train_T50_B128_H64_W64_latent64_win15_bins16.pt,models/bouncing_disks_geoae_lam0.1/latent_tda_features/seed0_test_T50_B128_H64_W64_latent64_win15_bins16.pt
bouncing_disks,Bouncing disks,geo_latent_tda,GeoAE,1,h1,mlp,18432,4608,sequence_random,64,8,16,0.001,-0.024493396282196045,-0.020690061151981354,0.14727242290973663,models/bouncing_disks_geoae_lam0.1/latent_tda_features/seed1_train_T50_B512_H64_W64_latent64_win15_bins16.pt,models/bouncing_disks_geoae_lam0.1/latent_tda_features/seed1_test_T50_B128_H64_W64_latent64_win15_bins16.pt
bouncing_disks,Bouncing disks,geo_latent_tda,GeoAE,2,h1,mlp,18432,4608,sequence_random,64,9,16,0.001,-0.01710626855492592,-0.024061383679509163,0.13840049505233765,models/bouncing_disks_geoae_lam0.1/latent_tda_features/seed2_train_T50_B512_H64_W64_latent64_win15_bins16.pt,models/bouncing_disks_geoae_lam0.1/latent_tda_features/seed2_test_T50_B128_H64_W64_latent64_win15_bins16.pt
bouncing_disks,Bouncing disks,geo_latent_tda,GeoAE,3,h1,mlp,18432,4608,sequence_random,64,7,16,0.001,-0.021993007510900497,-0.006018916144967079,0.16584914922714233,models/bouncing_disks_geoae_lam0.1/latent_tda_features/seed3_train_T50_B512_H64_W64_latent64_win15_bins16.pt,models/bouncing_disks_geoae_lam0.1/latent_tda_features/seed3_test_T50_B128_H64_W64_latent64_win15_bins16.pt
bouncing_disks,Bouncing disks,geo_latent_tda,GeoAE,4,h1,mlp,18432,4608,sequence_random,64,8,16,0.001,-0.027900323271751404,-0.020245535299181938,0.15243755280971527,models/bouncing_disks_geoae_lam0.1/latent_tda_features/seed4_train_T50_B512_H64_W64_latent64_win15_bins16.pt,models/bouncing_disks_geoae_lam0.1/latent_tda_features/seed4_test_T50_B128_H64_W64_latent64_win15_bins16.pt
bouncing_disks,Bouncing disks,topo_latent_tda,TopoAE,0,h1,mlp,7380,1836,sequence_random,64,11,16,0.001,0.008545946329832077,0.02826990745961666,0.0768355131149292,models/bouncing_disks_topoae_lam0.1_signature/latent_tda_features/seed0_train_T50_B128_H64_W64_latent64_win15_bins16.pt,models/bouncing_disks_topoae_lam0.1_signature/latent_tda_features/seed0_test_T50_B128_H64_W64_latent64_win15_bins16.pt
bouncing_disks,Bouncing disks,topo_latent_tda,TopoAE,1,h1,mlp,18432,4608,sequence_random,64,13,16,0.001,0.005015864036977291,0.024510996416211128,0.06086478382349014,models/bouncing_disks_topoae_lam0.1_signature/latent_tda_features/seed1_train_T50_B512_H64_W64_latent64_win15_bins16.pt,models/bouncing_disks_topoae_lam0.1_signature/latent_tda_features/seed1_test_T50_B128_H64_W64_latent64_win15_bins16.pt
bouncing_disks,Bouncing disks,topo_latent_tda,TopoAE,2,h1,mlp,18432,4608,sequence_random,64,12,16,0.001,0.01342590618878603,0.047432299703359604,0.05966446176171303,models/bouncing_disks_topoae_lam0.1_signature/latent_tda_features/seed2_train_T50_B512_H64_W64_latent64_win15_bins16.pt,models/bouncing_disks_topoae_lam0.1_signature/latent_tda_features/seed2_test_T50_B128_H64_W64_latent64_win15_bins16.pt
bouncing_disks,Bouncing disks,topo_latent_tda,TopoAE,3,h1,mlp,18432,4608,sequence_random,64,13,16,0.001,0.012380137108266354,0.04839223623275757,0.06318584084510803,models/bouncing_disks_topoae_lam0.1_signature/latent_tda_features/seed3_train_T50_B512_H64_W64_latent64_win15_bins16.pt,models/bouncing_disks_topoae_lam0.1_signature/latent_tda_features/seed3_test_T50_B128_H64_W64_latent64_win15_bins16.pt
bouncing_disks,Bouncing disks,topo_latent_tda,TopoAE,4,h1,mlp,18432,4608,sequence_random,64,11,16,0.001,0.008236690424382687,0.042875006794929504,0.06895657628774643,models/bouncing_disks_topoae_lam0.1_signature/latent_tda_features/seed4_train_T50_B512_H64_W64_latent64_win15_bins16.pt,models/bouncing_disks_topoae_lam0.1_signature/latent_tda_features/seed4_test_T50_B128_H64_W64_latent64_win15_bins16.pt
bouncing_rings,Bouncing rings,latent_tda,AE,0,h1,mlp,7380,1836,sequence_random,64,11,16,0.001,-0.010777072049677372,0.005663760472089052,0.07491236925125122,models/bouncing_rings/latent_tda_features/seed0_train_T50_B128_H64_W64_latent64_win15_bins16.pt,models/bouncing_rings/latent_tda_features/seed0_test_T50_B128_H64_W64_latent64_win15_bins16.pt
bouncing_rings,Bouncing rings,latent_tda,AE,1,h1,mlp,18432,4608,sequence_random,64,12,16,0.001,0.0029337655287235975,0.03634222224354744,0.06990431249141693,models/bouncing_rings/latent_tda_features/seed1_train_T50_B512_H64_W64_latent64_win15_bins16.pt,models/bouncing_rings/latent_tda_features/seed1_test_T50_B128_H64_W64_latent64_win15_bins16.pt
bouncing_rings,Bouncing rings,latent_tda,AE,2,h1,mlp,18432,4608,sequence_random,64,12,16,0.001,0.009488582611083984,0.045729152858257294,0.05980341508984566,models/bouncing_rings/latent_tda_features/seed2_train_T50_B512_H64_W64_latent64_win15_bins16.pt,models/bouncing_rings/latent_tda_features/seed2_test_T50_B128_H64_W64_latent64_win15_bins16.pt
bouncing_rings,Bouncing rings,latent_tda,AE,3,h1,mlp,18432,4608,sequence_random,64,12,16,0.001,0.008223091252148151,0.029873615130782127,0.06621032953262329,models/bouncing_rings/latent_tda_features/seed3_train_T50_B512_H64_W64_latent64_win15_bins16.pt,models/bouncing_rings/latent_tda_features/seed3_test_T50_B128_H64_W64_latent64_win15_bins16.pt
bouncing_rings,Bouncing rings,latent_tda,AE,4,h1,mlp,18432,4608,sequence_random,64,11,16,0.001,0.00976252555847168,0.050873052328825,0.07172399759292603,models/bouncing_rings/latent_tda_features/seed4_train_T50_B512_H64_W64_latent64_win15_bins16.pt,models/bouncing_rings/latent_tda_features/seed4_test_T50_B128_H64_W64_latent64_win15_bins16.pt
bouncing_rings,Bouncing rings,geo_latent_tda,GeoAE,0,h1,mlp,7380,1836,sequence_random,64,8,16,0.001,-0.035834625363349915,-0.0501650907099247,0.17131997644901276,models/bouncing_rings_geoae_lam0.1/latent_tda_features/seed0_train_T50_B128_H64_W64_latent64_win15_bins16.pt,models/bouncing_rings_geoae_lam0.1/latent_tda_features/seed0_test_T50_B128_H64_W64_latent64_win15_bins16.pt
bouncing_rings,Bouncing rings,geo_latent_tda,GeoAE,1,h1,mlp,18432,4608,sequence_random,64,8,16,0.001,-0.02353481948375702,-0.021959509700536728,0.16298805177211761,models/bouncing_rings_geoae_lam0.1/latent_tda_features/seed1_train_T50_B512_H64_W64_latent64_win15_bins16.pt,models/bouncing_rings_geoae_lam0.1/latent_tda_features/seed1_test_T50_B128_H64_W64_latent64_win15_bins16.pt
bouncing_rings,Bouncing rings,geo_latent_tda,GeoAE,2,h1,mlp,18432,4608,sequence_random,64,7,16,0.001,-0.019281625747680664,-0.026133187115192413,0.18504400551319122,models/bouncing_rings_geoae_lam0.1/latent_tda_features/seed2_train_T50_B512_H64_W64_latent64_win15_bins16.pt,models/bouncing_rings_geoae_lam0.1/latent_tda_features/seed2_test_T50_B128_H64_W64_latent64_win15_bins16.pt
bouncing_rings,Bouncing rings,geo_latent_tda,GeoAE,3,h1,mlp,18432,4608,sequence_random,64,8,16,0.001,-0.018791571259498596,-0.027719225734472275,0.1501576155424118,models/bouncing_rings_geoae_lam0.1/latent_tda_features/seed3_train_T50_B512_H64_W64_latent64_win15_bins16.pt,models/bouncing_rings_geoae_lam0.1/latent_tda_features/seed3_test_T50_B128_H64_W64_latent64_win15_bins16.pt
bouncing_rings,Bouncing rings,geo_latent_tda,GeoAE,4,h1,mlp,18432,4608,sequence_random,64,7,16,0.001,-0.0382080078125,-0.02924302965402603,0.17372936010360718,models/bouncing_rings_geoae_lam0.1/latent_tda_features/seed4_train_T50_B512_H64_W64_latent64_win15_bins16.pt,models/bouncing_rings_geoae_lam0.1/latent_tda_features/seed4_test_T50_B128_H64_W64_latent64_win15_bins16.pt
bouncing_rings,Bouncing rings,topo_latent_tda,TopoAE,0,h1,mlp,7380,1836,sequence_random,64,11,16,0.001,0.0036372432950884104,0.06830951571464539,0.07336629927158356,models/bouncing_rings_topoae_lam0.1_signature/latent_tda_features/seed0_train_T50_B128_H64_W64_latent64_win15_bins16.pt,models/bouncing_rings_topoae_lam0.1_signature/latent_tda_features/seed0_test_T50_B128_H64_W64_latent64_win15_bins16.pt
bouncing_rings,Bouncing rings,topo_latent_tda,TopoAE,1,h1,mlp,18432,4608,sequence_random,64,12,16,0.001,0.00488637899979949,0.02420888841152191,0.06540445983409882,models/bouncing_rings_topoae_lam0.1_signature/latent_tda_features/seed1_train_T50_B512_H64_W64_latent64_win15_bins16.pt,models/bouncing_rings_topoae_lam0.1_signature/latent_tda_features/seed1_test_T50_B128_H64_W64_latent64_win15_bins16.pt
bouncing_rings,Bouncing rings,topo_latent_tda,TopoAE,2,h1,mlp,18432,4608,sequence_random,64,12,16,0.001,0.018491899594664574,0.05368209630250931,0.06387845426797867,models/bouncing_rings_topoae_lam0.1_signature/latent_tda_features/seed2_train_T50_B512_H64_W64_latent64_win15_bins16.pt,models/bouncing_rings_topoae_lam0.1_signature/latent_tda_features/seed2_test_T50_B128_H64_W64_latent64_win15_bins16.pt
bouncing_rings,Bouncing rings,topo_latent_tda,TopoAE,3,h1,mlp,18432,4608,sequence_random,64,13,16,0.001,0.009338447824120522,0.038412123918533325,0.0674687847495079,models/bouncing_rings_topoae_lam0.1_signature/latent_tda_features/seed3_train_T50_B512_H64_W64_latent64_win15_bins16.pt,models/bouncing_rings_topoae_lam0.1_signature/latent_tda_features/seed3_test_T50_B128_H64_W64_latent64_win15_bins16.pt
bouncing_rings,Bouncing rings,topo_latent_tda,TopoAE,4,h1,mlp,18432,4608,sequence_random,64,11,16,0.001,0.0133705735206604,0.04239059239625931,0.07140588015317917,models/bouncing_rings_topoae_lam0.1_signature/latent_tda_features/seed4_train_T50_B512_H64_W64_latent64_win15_bins16.pt,models/bouncing_rings_topoae_lam0.1_signature/latent_tda_features/seed4_test_T50_B128_H64_W64_latent64_win15_bins16.pt
orbiting_disks,Orbiting disks,latent_tda,AE,0,h1,mlp,7380,1836,sequence_random,64,12,16,0.001,0.008394509553909302,0.04905257001519203,0.13633984327316284,models/orbiting_disks/latent_tda_features/seed0_train_T50_B128_H64_W64_latent64_win15_bins16.pt,models/orbiting_disks/latent_tda_features/seed0_test_T50_B128_H64_W64_latent64_win15_bins16.pt
orbiting_disks,Orbiting disks,latent_tda,AE,1,h1,mlp,18432,4608,sequence_random,64,12,16,0.001,0.010373641736805439,0.03953571990132332,0.13193580508232117,models/orbiting_disks/latent_tda_features/seed1_train_T50_B512_H64_W64_latent64_win15_bins16.pt,models/orbiting_disks/latent_tda_features/seed1_test_T50_B128_H64_W64_latent64_win15_bins16.pt
orbiting_disks,Orbiting disks,latent_tda,AE,2,h1,mlp,18432,4608,sequence_random,64,12,16,0.001,0.007936949841678143,0.031862806528806686,0.12048086524009705,models/orbiting_disks/latent_tda_features/seed2_train_T50_B512_H64_W64_latent64_win15_bins16.pt,models/orbiting_disks/latent_tda_features/seed2_test_T50_B128_H64_W64_latent64_win15_bins16.pt
orbiting_disks,Orbiting disks,latent_tda,AE,3,h1,mlp,18432,4608,sequence_random,64,13,16,0.001,0.003986074589192867,0.022833360359072685,0.11340465396642685,models/orbiting_disks/latent_tda_features/seed3_train_T50_B512_H64_W64_latent64_win15_bins16.pt,models/orbiting_disks/latent_tda_features/seed3_test_T50_B128_H64_W64_latent64_win15_bins16.pt
orbiting_disks,Orbiting disks,latent_tda,AE,4,h1,mlp,18432,4608,sequence_random,64,11,16,0.001,0.005542598199099302,0.01834900490939617,0.12489305436611176,models/orbiting_disks/latent_tda_features/seed4_train_T50_B512_H64_W64_latent64_win15_bins16.pt,models/orbiting_disks/latent_tda_features/seed4_test_T50_B128_H64_W64_latent64_win15_bins16.pt
orbiting_disks,Orbiting disks,geo_latent_tda,GeoAE,0,h1,mlp,7380,1836,sequence_random,64,6,16,0.001,-0.1238769069314003,-0.03825196251273155,0.3625584542751312,models/orbiting_disks_geoae_lam0.1/latent_tda_features/seed0_train_T50_B128_H64_W64_latent64_win15_bins16.pt,models/orbiting_disks_geoae_lam0.1/latent_tda_features/seed0_test_T50_B128_H64_W64_latent64_win15_bins16.pt
orbiting_disks,Orbiting disks,geo_latent_tda,GeoAE,1,h1,mlp,18432,4608,sequence_random,64,5,16,0.001,-0.01924285851418972,-0.026238808408379555,0.416146457195282,models/orbiting_disks_geoae_lam0.1/latent_tda_features/seed1_train_T50_B512_H64_W64_latent64_win15_bins16.pt,models/orbiting_disks_geoae_lam0.1/latent_tda_features/seed1_test_T50_B128_H64_W64_latent64_win15_bins16.pt
orbiting_disks,Orbiting disks,geo_latent_tda,GeoAE,2,h1,mlp,18432,4608,sequence_random,64,6,16,0.001,-0.020024379715323448,-0.019001120701432228,0.3299875557422638,models/orbiting_disks_geoae_lam0.1/latent_tda_features/seed2_train_T50_B512_H64_W64_latent64_win15_bins16.pt,models/orbiting_disks_geoae_lam0.1/latent_tda_features/seed2_test_T50_B128_H64_W64_latent64_win15_bins16.pt
orbiting_disks,Orbiting disks,geo_latent_tda,GeoAE,3,h1,mlp,18432,4608,sequence_random,64,5,16,0.001,-0.08716225624084473,-0.030340153723955154,0.42065611481666565,models/orbiting_disks_geoae_lam0.1/latent_tda_features/seed3_train_T50_B512_H64_W64_latent64_win15_bins16.pt,models/orbiting_disks_geoae_lam0.1/latent_tda_features/seed3_test_T50_B128_H64_W64_latent64_win15_bins16.pt
orbiting_disks,Orbiting disks,geo_latent_tda,GeoAE,4,h1,mlp,18432,4608,sequence_random,64,6,16,0.001,-0.015935877338051796,0.002998584182932973,0.3528676927089691,models/orbiting_disks_geoae_lam0.1/latent_tda_features/seed4_train_T50_B512_H64_W64_latent64_win15_bins16.pt,models/orbiting_disks_geoae_lam0.1/latent_tda_features/seed4_test_T50_B128_H64_W64_latent64_win15_bins16.pt
orbiting_disks,Orbiting disks,topo_latent_tda,TopoAE,0,h1,mlp,7380,1836,sequence_random,64,10,16,0.001,0.024479210376739502,0.06682273000478745,0.16234302520751953,models/orbiting_disks_topoae_lam0.1_signature/latent_tda_features/seed0_train_T50_B128_H64_W64_latent64_win15_bins16.pt,models/orbiting_disks_topoae_lam0.1_signature/latent_tda_features/seed0_test_T50_B128_H64_W64_latent64_win15_bins16.pt
orbiting_disks,Orbiting disks,topo_latent_tda,TopoAE,1,h1,mlp,18432,4608,sequence_random,64,10,16,0.001,0.03002026118338108,0.08594044297933578,0.14809782803058624,models/orbiting_disks_topoae_lam0.1_signature/latent_tda_features/seed1_train_T50_B512_H64_W64_latent64_win15_bins16.pt,models/orbiting_disks_topoae_lam0.1_signature/latent_tda_features/seed1_test_T50_B128_H64_W64_latent64_win15_bins16.pt
orbiting_disks,Orbiting disks,topo_latent_tda,TopoAE,2,h1,mlp,18432,4608,sequence_random,64,11,16,0.001,0.02480495534837246,0.06195112317800522,0.14316236972808838,models/orbiting_disks_topoae_lam0.1_signature/latent_tda_features/seed2_train_T50_B512_H64_W64_latent64_win15_bins16.pt,models/orbiting_disks_topoae_lam0.1_signature/latent_tda_features/seed2_test_T50_B128_H64_W64_latent64_win15_bins16.pt
orbiting_disks,Orbiting disks,topo_latent_tda,TopoAE,3,h1,mlp,18432,4608,sequence_random,64,10,16,0.001,0.015025710687041283,0.05079309269785881,0.1551596075296402,models/orbiting_disks_topoae_lam0.1_signature/latent_tda_features/seed3_train_T50_B512_H64_W64_latent64_win15_bins16.pt,models/orbiting_disks_topoae_lam0.1_signature/latent_tda_features/seed3_test_T50_B128_H64_W64_latent64_win15_bins16.pt
orbiting_disks,Orbiting disks,topo_latent_tda,TopoAE,4,h1,mlp,18432,4608,sequence_random,64,10,16,0.001,0.017208468168973923,0.05712776631116867,0.1388794332742691,models/orbiting_disks_topoae_lam0.1_signature/latent_tda_features/seed4_train_T50_B512_H64_W64_latent64_win15_bins16.pt,models/orbiting_disks_topoae_lam0.1_signature/latent_tda_features/seed4_test_T50_B128_H64_W64_latent64_win15_bins16.pt
orbiting_rings,Orbiting rings,latent_tda,AE,0,h1,mlp,7380,1836,sequence_random,64,10,16,0.001,-0.018928218632936478,-0.021834634244441986,0.15268351137638092,models/orbiting_rings/latent_tda_features/seed0_train_T50_B128_H64_W64_latent64_win15_bins16.pt,models/orbiting_rings/latent_tda_features/seed0_test_T50_B128_H64_W64_latent64_win15_bins16.pt
orbiting_rings,Orbiting rings,latent_tda,AE,1,h1,mlp,18432,4608,sequence_random,64,10,16,0.001,-0.0036656558513641357,-0.0014682330656796694,0.11489848047494888,models/orbiting_rings/latent_tda_features/seed1_train_T50_B512_H64_W64_latent64_win15_bins16.pt,models/orbiting_rings/latent_tda_features/seed1_test_T50_B128_H64_W64_latent64_win15_bins16.pt
orbiting_rings,Orbiting rings,latent_tda,AE,2,h1,mlp,18432,4608,sequence_random,64,10,16,0.001,-0.0044336081482470036,-0.007332685869187117,0.1236090436577797,models/orbiting_rings/latent_tda_features/seed2_train_T50_B512_H64_W64_latent64_win15_bins16.pt,models/orbiting_rings/latent_tda_features/seed2_test_T50_B128_H64_W64_latent64_win15_bins16.pt
orbiting_rings,Orbiting rings,latent_tda,AE,3,h1,mlp,18432,4608,sequence_random,64,11,16,0.001,-0.006453904323279858,-0.002696252427995205,0.11017173528671265,models/orbiting_rings/latent_tda_features/seed3_train_T50_B512_H64_W64_latent64_win15_bins16.pt,models/orbiting_rings/latent_tda_features/seed3_test_T50_B128_H64_W64_latent64_win15_bins16.pt
orbiting_rings,Orbiting rings,latent_tda,AE,4,h1,mlp,18432,4608,sequence_random,64,11,16,0.001,-0.006896051578223705,-0.004747680388391018,0.11507017910480499,models/orbiting_rings/latent_tda_features/seed4_train_T50_B512_H64_W64_latent64_win15_bins16.pt,models/orbiting_rings/latent_tda_features/seed4_test_T50_B128_H64_W64_latent64_win15_bins16.pt
orbiting_rings,Orbiting rings,geo_latent_tda,GeoAE,0,h1,mlp,7380,1836,sequence_random,64,4,16,0.001,-0.07140520215034485,-0.05035324767231941,0.4496910870075226,models/orbiting_rings_geoae_lam0.1/latent_tda_features/seed0_train_T50_B128_H64_W64_latent64_win15_bins16.pt,models/orbiting_rings_geoae_lam0.1/latent_tda_features/seed0_test_T50_B128_H64_W64_latent64_win15_bins16.pt
orbiting_rings,Orbiting rings,geo_latent_tda,GeoAE,1,h1,mlp,18432,4608,sequence_random,64,5,16,0.001,-0.024598097428679466,-0.02209090068936348,0.3259361982345581,models/orbiting_rings_geoae_lam0.1/latent_tda_features/seed1_train_T50_B512_H64_W64_latent64_win15_bins16.pt,models/orbiting_rings_geoae_lam0.1/latent_tda_features/seed1_test_T50_B128_H64_W64_latent64_win15_bins16.pt
orbiting_rings,Orbiting rings,geo_latent_tda,GeoAE,2,h1,mlp,18432,4608,sequence_random,64,5,16,0.001,-0.024378037080168724,-0.02335856854915619,0.39650648832321167,models/orbiting_rings_geoae_lam0.1/latent_tda_features/seed2_train_T50_B512_H64_W64_latent64_win15_bins16.pt,models/orbiting_rings_geoae_lam0.1/latent_tda_features/seed2_test_T50_B128_H64_W64_latent64_win15_bins16.pt
orbiting_rings,Orbiting rings,geo_latent_tda,GeoAE,3,h1,mlp,18432,4608,sequence_random,64,5,16,0.001,-0.024893950670957565,-0.03584934398531914,0.3135254383087158,models/orbiting_rings_geoae_lam0.1/latent_tda_features/seed3_train_T50_B512_H64_W64_latent64_win15_bins16.pt,models/orbiting_rings_geoae_lam0.1/latent_tda_features/seed3_test_T50_B128_H64_W64_latent64_win15_bins16.pt
orbiting_rings,Orbiting rings,geo_latent_tda,GeoAE,4,h1,mlp,18432,4608,sequence_random,64,5,16,0.001,-0.018384838476777077,-0.021984681487083435,0.3588380217552185,models/orbiting_rings_geoae_lam0.1/latent_tda_features/seed4_train_T50_B512_H64_W64_latent64_win15_bins16.pt,models/orbiting_rings_geoae_lam0.1/latent_tda_features/seed4_test_T50_B128_H64_W64_latent64_win15_bins16.pt
orbiting_rings,Orbiting rings,topo_latent_tda,TopoAE,0,h1,mlp,7380,1836,sequence_random,64,10,16,0.001,0.004493403248488903,0.04515547677874565,0.1421455293893814,models/orbiting_rings_topoae_lam0.1_signature/latent_tda_features/seed0_train_T50_B128_H64_W64_latent64_win15_bins16.pt,models/orbiting_rings_topoae_lam0.1_signature/latent_tda_features/seed0_test_T50_B128_H64_W64_latent64_win15_bins16.pt
orbiting_rings,Orbiting rings,topo_latent_tda,TopoAE,1,h1,mlp,18432,4608,sequence_random,64,11,16,0.001,-0.006090646609663963,0.04361658915877342,0.12658384442329407,models/orbiting_rings_topoae_lam0.1_signature/latent_tda_features/seed1_train_T50_B512_H64_W64_latent64_win15_bins16.pt,models/orbiting_rings_topoae_lam0.1_signature/latent_tda_features/seed1_test_T50_B128_H64_W64_latent64_win15_bins16.pt
orbiting_rings,Orbiting rings,topo_latent_tda,TopoAE,2,h1,mlp,18432,4608,sequence_random,64,10,16,0.001,0.009624618105590343,0.04145641624927521,0.15843407809734344,models/orbiting_rings_topoae_lam0.1_signature/latent_tda_features/seed2_train_T50_B512_H64_W64_latent64_win15_bins16.pt,models/orbiting_rings_topoae_lam0.1_signature/latent_tda_features/seed2_test_T50_B128_H64_W64_latent64_win15_bins16.pt
orbiting_rings,Orbiting rings,topo_latent_tda,TopoAE,3,h1,mlp,18432,4608,sequence_random,64,10,16,0.001,-0.004678249359130859,0.022595319896936417,0.14411410689353943,models/orbiting_rings_topoae_lam0.1_signature/latent_tda_features/seed3_train_T50_B512_H64_W64_latent64_win15_bins16.pt,models/orbiting_rings_topoae_lam0.1_signature/latent_tda_features/seed3_test_T50_B128_H64_W64_latent64_win15_bins16.pt
orbiting_rings,Orbiting rings,topo_latent_tda,TopoAE,4,h1,mlp,18432,4608,sequence_random,64,11,16,0.001,0.0007583011174574494,0.014596701599657536,0.13528166711330414,models/orbiting_rings_topoae_lam0.1_signature/latent_tda_features/seed4_train_T50_B512_H64_W64_latent64_win15_bins16.pt,models/orbiting_rings_topoae_lam0.1_signature/latent_tda_features/seed4_test_T50_B128_H64_W64_latent64_win15_bins16.pt
moving_mnist,Moving MNIST,latent_tda,AE,0,h1,mlp,1230,306,sequence_random,48,9,16,0.001,-0.05505739152431488,-0.0537264347076416,0.0768813043832779,models/moving_mnist/latent_tda_features/seed0_train_T20_B128_H64_W64_latent48_win15_bins16.pt,models/moving_mnist/latent_tda_features/seed0_test_T20_B128_H64_W64_latent48_win15_bins16.pt
moving_mnist,Moving MNIST,latent_tda,AE,1,h1,mlp,5760,1440,sequence_random,48,10,16,0.001,-0.028262078762054443,0.013070357032120228,0.08320506662130356,models/moving_mnist/latent_tda_features/seed1_train_T20_B1000_H64_W64_latent48_win15_bins16.pt,models/moving_mnist/latent_tda_features/seed1_test_T20_B200_H64_W64_latent48_win15_bins16.pt
moving_mnist,Moving MNIST,latent_tda,AE,2,h1,mlp,5760,1440,sequence_random,48,11,16,0.001,-0.0007326386403292418,0.011972316540777683,0.07289717346429825,models/moving_mnist/latent_tda_features/seed2_train_T20_B1000_H64_W64_latent48_win15_bins16.pt,models/moving_mnist/latent_tda_features/seed2_test_T20_B200_H64_W64_latent48_win15_bins16.pt
moving_mnist,Moving MNIST,latent_tda,AE,3,h1,mlp,5760,1440,sequence_random,48,10,16,0.001,-0.006755507085472345,-0.0069333589635789394,0.08457889407873154,models/moving_mnist/latent_tda_features/seed3_train_T20_B1000_H64_W64_latent48_win15_bins16.pt,models/moving_mnist/latent_tda_features/seed3_test_T20_B200_H64_W64_latent48_win15_bins16.pt
moving_mnist,Moving MNIST,latent_tda,AE,4,h1,mlp,5760,1440,sequence_random,48,11,16,0.001,-0.01099979318678379,0.005844953004270792,0.0704159364104271,models/moving_mnist/latent_tda_features/seed4_train_T20_B1000_H64_W64_latent48_win15_bins16.pt,models/moving_mnist/latent_tda_features/seed4_test_T20_B200_H64_W64_latent48_win15_bins16.pt
moving_mnist,Moving MNIST,geo_latent_tda,GeoAE,0,h1,mlp,1230,306,sequence_random,48,7,16,0.001,-0.14334940910339355,-0.18342910706996918,0.21835561096668243,models/moving_mnist_geoae_lam0.1/latent_tda_features/seed0_train_T20_B128_H64_W64_latent48_win15_bins16.pt,models/moving_mnist_geoae_lam0.1/latent_tda_features/seed0_test_T20_B128_H64_W64_latent48_win15_bins16.pt
moving_mnist,Moving MNIST,geo_latent_tda,GeoAE,1,h1,mlp,5760,1440,sequence_random,48,6,16,0.001,-0.040372490882873535,-0.050872527062892914,0.3019845187664032,models/moving_mnist_geoae_lam0.1/latent_tda_features/seed1_train_T20_B1000_H64_W64_latent48_win15_bins16.pt,models/moving_mnist_geoae_lam0.1/latent_tda_features/seed1_test_T20_B200_H64_W64_latent48_win15_bins16.pt
moving_mnist,Moving MNIST,geo_latent_tda,GeoAE,2,h1,mlp,5760,1440,sequence_random,48,7,16,0.001,-0.03615018352866173,-0.05191129446029663,0.23659256100654602,models/moving_mnist_geoae_lam0.1/latent_tda_features/seed2_train_T20_B1000_H64_W64_latent48_win15_bins16.pt,models/moving_mnist_geoae_lam0.1/latent_tda_features/seed2_test_T20_B200_H64_W64_latent48_win15_bins16.pt
moving_mnist,Moving MNIST,geo_latent_tda,GeoAE,3,h1,mlp,5760,1440,sequence_random,48,7,16,0.001,-0.04707004502415657,-0.05821384862065315,0.25203341245651245,models/moving_mnist_geoae_lam0.1/latent_tda_features/seed3_train_T20_B1000_H64_W64_latent48_win15_bins16.pt,models/moving_mnist_geoae_lam0.1/latent_tda_features/seed3_test_T20_B200_H64_W64_latent48_win15_bins16.pt
moving_mnist,Moving MNIST,geo_latent_tda,GeoAE,4,h1,mlp,5760,1440,sequence_random,48,6,16,0.001,-0.059507448226213455,-0.079462431371212,0.2632538974285126,models/moving_mnist_geoae_lam0.1/latent_tda_features/seed4_train_T20_B1000_H64_W64_latent48_win15_bins16.pt,models/moving_mnist_geoae_lam0.1/latent_tda_features/seed4_test_T20_B200_H64_W64_latent48_win15_bins16.pt
moving_mnist,Moving MNIST,topo_latent_tda,TopoAE,0,h1,mlp,1230,306,sequence_random,48,9,16,0.001,-0.027597077190876007,-0.02874273620545864,0.07734928280115128,models/moving_mnist_topoae_lam0.1_signature/latent_tda_features/seed0_train_T20_B128_H64_W64_latent48_win15_bins16.pt,models/moving_mnist_topoae_lam0.1_signature/latent_tda_features/seed0_test_T20_B128_H64_W64_latent48_win15_bins16.pt
moving_mnist,Moving MNIST,topo_latent_tda,TopoAE,1,h1,mlp,5760,1440,sequence_random,48,10,16,0.001,0.0009806037414819002,0.02915981039404869,0.08310012519359589,models/moving_mnist_topoae_lam0.1_signature/latent_tda_features/seed1_train_T20_B1000_H64_W64_latent48_win15_bins16.pt,models/moving_mnist_topoae_lam0.1_signature/latent_tda_features/seed1_test_T20_B200_H64_W64_latent48_win15_bins16.pt
moving_mnist,Moving MNIST,topo_latent_tda,TopoAE,2,h1,mlp,5760,1440,sequence_random,48,10,16,0.001,0.006901520304381847,0.03686750680208206,0.08356986194849014,models/moving_mnist_topoae_lam0.1_signature/latent_tda_features/seed2_train_T20_B1000_H64_W64_latent48_win15_bins16.pt,models/moving_mnist_topoae_lam0.1_signature/latent_tda_features/seed2_test_T20_B200_H64_W64_latent48_win15_bins16.pt
moving_mnist,Moving MNIST,topo_latent_tda,TopoAE,3,h1,mlp,5760,1440,sequence_random,48,10,16,0.001,0.0018190741539001465,0.03375229984521866,0.07612181454896927,models/moving_mnist_topoae_lam0.1_signature/latent_tda_features/seed3_train_T20_B1000_H64_W64_latent48_win15_bins16.pt,models/moving_mnist_topoae_lam0.1_signature/latent_tda_features/seed3_test_T20_B200_H64_W64_latent48_win15_bins16.pt
moving_mnist,Moving MNIST,topo_latent_tda,TopoAE,4,h1,mlp,5760,1440,sequence_random,48,10,16,0.001,-0.008470016531646252,0.01133616454899311,0.08518600463867188,models/moving_mnist_topoae_lam0.1_signature/latent_tda_features/seed4_train_T20_B1000_H64_W64_latent48_win15_bins16.pt,models/moving_mnist_topoae_lam0.1_signature/latent_tda_features/seed4_test_T20_B200_H64_W64_latent48_win15_bins16.pt
lorenz96,Lorenz-96,latent_tda,AE,0,h1,mlp,17630,4386,sequence_random,64,3,16,0.001,-0.010553956031799316,-0.01663508079946041,0.00762233417481184,models/lorenz96/latent_tda_features/seed0_train_T100_B128_H64_W64_latent64_win15_bins16.pt,models/lorenz96/latent_tda_features/seed0_test_T100_B128_H64_W64_latent64_win15_bins16.pt
lorenz96,Lorenz-96,latent_tda,AE,1,h1,mlp,44032,11008,sequence_random,64,4,16,0.001,-0.007606327533721924,-0.010965314693748951,0.0014864305267110467,models/lorenz96/latent_tda_features/seed1_train_T100_B512_H64_W64_latent64_win15_bins16.pt,models/lorenz96/latent_tda_features/seed1_test_T100_B128_H64_W64_latent64_win15_bins16.pt
lorenz96,Lorenz-96,latent_tda,AE,2,h1,mlp,44032,11008,sequence_random,64,5,16,0.001,-0.020818114280700684,-0.02500743232667446,0.0018336824141442776,models/lorenz96/latent_tda_features/seed2_train_T100_B512_H64_W64_latent64_win15_bins16.pt,models/lorenz96/latent_tda_features/seed2_test_T100_B128_H64_W64_latent64_win15_bins16.pt
lorenz96,Lorenz-96,latent_tda,AE,3,h1,mlp,44032,11008,sequence_random,64,5,16,0.001,-0.009859943762421608,-0.014499876648187637,0.0026519938837736845,models/lorenz96/latent_tda_features/seed3_train_T100_B512_H64_W64_latent64_win15_bins16.pt,models/lorenz96/latent_tda_features/seed3_test_T100_B128_H64_W64_latent64_win15_bins16.pt
lorenz96,Lorenz-96,latent_tda,AE,4,h1,mlp,44032,11008,sequence_random,64,5,16,0.001,-0.0348377451300621,-0.051100682467222214,0.0021264904644340277,models/lorenz96/latent_tda_features/seed4_train_T100_B512_H64_W64_latent64_win15_bins16.pt,models/lorenz96/latent_tda_features/seed4_test_T100_B128_H64_W64_latent64_win15_bins16.pt
lorenz96,Lorenz-96,geo_latent_tda,GeoAE,0,h1,mlp,17630,4386,sequence_random,64,1,16,0.001,0.0,0.0,4.676993557950482e-05,models/lorenz96_geoae_lam0.1/latent_tda_features/seed0_train_T100_B128_H64_W64_latent64_win15_bins16.pt,models/lorenz96_geoae_lam0.1/latent_tda_features/seed0_test_T100_B128_H64_W64_latent64_win15_bins16.pt
lorenz96,Lorenz-96,geo_latent_tda,GeoAE,1,h1,mlp,44032,11008,sequence_random,64,1,16,0.001,-0.06315755844116211,-0.06315755844116211,0.00019312583026476204,models/lorenz96_geoae_lam0.1/latent_tda_features/seed1_train_T100_B512_H64_W64_latent64_win15_bins16.pt,models/lorenz96_geoae_lam0.1/latent_tda_features/seed1_test_T100_B128_H64_W64_latent64_win15_bins16.pt
lorenz96,Lorenz-96,geo_latent_tda,GeoAE,2,h1,mlp,44032,11008,sequence_random,64,1,16,0.001,-0.2840012311935425,-0.2840012311935425,0.00023324273934122175,models/lorenz96_geoae_lam0.1/latent_tda_features/seed2_train_T100_B512_H64_W64_latent64_win15_bins16.pt,models/lorenz96_geoae_lam0.1/latent_tda_features/seed2_test_T100_B128_H64_W64_latent64_win15_bins16.pt
lorenz96,Lorenz-96,geo_latent_tda,GeoAE,3,h1,mlp,44032,11008,sequence_random,64,2,16,0.001,-0.03690314292907715,-0.06450789421796799,0.0003865939797833562,models/lorenz96_geoae_lam0.1/latent_tda_features/seed3_train_T100_B512_H64_W64_latent64_win15_bins16.pt,models/lorenz96_geoae_lam0.1/latent_tda_features/seed3_test_T100_B128_H64_W64_latent64_win15_bins16.pt
lorenz96,Lorenz-96,geo_latent_tda,GeoAE,4,h1,mlp,44032,11008,sequence_random,64,1,16,0.001,-0.44449055194854736,-0.44449055194854736,0.00013120996300131083,models/lorenz96_geoae_lam0.1/latent_tda_features/seed4_train_T100_B512_H64_W64_latent64_win15_bins16.pt,models/lorenz96_geoae_lam0.1/latent_tda_features/seed4_test_T100_B128_H64_W64_latent64_win15_bins16.pt
lorenz96,Lorenz-96,topo_latent_tda,TopoAE,0,h1,mlp,17630,4386,sequence_random,64,2,16,0.001,-0.021804213523864746,-0.022901825606822968,0.00829376745969057,models/lorenz96_topoae_lam0.1_signature/latent_tda_features/seed0_train_T100_B128_H64_W64_latent64_win15_bins16.pt,models/lorenz96_topoae_lam0.1_signature/latent_tda_features/seed0_test_T100_B128_H64_W64_latent64_win15_bins16.pt
lorenz96,Lorenz-96,topo_latent_tda,TopoAE,1,h1,mlp,44032,11008,sequence_random,64,3,16,0.001,-0.004451751708984375,-0.002314874203875661,0.004067253787070513,models/lorenz96_topoae_lam0.1_signature/latent_tda_features/seed1_train_T100_B512_H64_W64_latent64_win15_bins16.pt,models/lorenz96_topoae_lam0.1_signature/latent_tda_features/seed1_test_T100_B128_H64_W64_latent64_win15_bins16.pt
lorenz96,Lorenz-96,topo_latent_tda,TopoAE,2,h1,mlp,44032,11008,sequence_random,64,6,16,0.001,-0.01180732250213623,-0.015768278390169144,0.0009958415757864714,models/lorenz96_topoae_lam0.1_signature/latent_tda_features/seed2_train_T100_B512_H64_W64_latent64_win15_bins16.pt,models/lorenz96_topoae_lam0.1_signature/latent_tda_features/seed2_test_T100_B128_H64_W64_latent64_win15_bins16.pt
lorenz96,Lorenz-96,topo_latent_tda,TopoAE,3,h1,mlp,44032,11008,sequence_random,64,6,16,0.001,-0.007782777305692434,-0.011704438365995884,0.001766621833667159,models/lorenz96_topoae_lam0.1_signature/latent_tda_features/seed3_train_T100_B512_H64_W64_latent64_win15_bins16.pt,models/lorenz96_topoae_lam0.1_signature/latent_tda_features/seed3_test_T100_B128_H64_W64_latent64_win15_bins16.pt
lorenz96,Lorenz-96,topo_latent_tda,TopoAE,4,h1,mlp,44032,11008,sequence_random,64,3,16,0.001,-0.009686271660029888,-0.010488090105354786,0.004041988402605057,models/lorenz96_topoae_lam0.1_signature/latent_tda_features/seed4_train_T100_B512_H64_W64_latent64_win15_bins16.pt,models/lorenz96_topoae_lam0.1_signature/latent_tda_features/seed4_test_T100_B128_H64_W64_latent64_win15_bins16.pt
electric_devices,ElectricDevices,latent_tda,AE,0,h1,mlp,16810,4182,sequence_random,64,11,16,0.001,0.0022839417215436697,0.03574706241488457,0.02551507204771042,models/electric_devices/latent_tda_features/seed0_train_T96_B128_H32_W32_latent64_win15_bins16.pt,models/electric_devices/latent_tda_features/seed0_test_T96_B128_H32_W32_latent64_win15_bins16.pt
electric_devices,ElectricDevices,latent_tda,AE,1,h1,mlp,100778,25174,sequence_random,64,13,16,0.001,0.04430419206619263,0.145079106092453,0.02553427591919899,models/electric_devices/latent_tda_features/seed1_train_T96_B1024_H32_W32_latent64_win15_bins16.pt,models/electric_devices/latent_tda_features/seed1_test_T96_B512_H32_W32_latent64_win15_bins16.pt
electric_devices,ElectricDevices,latent_tda,AE,2,h1,mlp,100778,25174,sequence_random,64,12,16,0.001,0.03953365981578827,0.12944215536117554,0.036170899868011475,models/electric_devices/latent_tda_features/seed2_train_T96_B1024_H32_W32_latent64_win15_bins16.pt,models/electric_devices/latent_tda_features/seed2_test_T96_B512_H32_W32_latent64_win15_bins16.pt
electric_devices,ElectricDevices,latent_tda,AE,3,h1,mlp,100778,25174,sequence_random,64,11,16,0.001,0.06248489394783974,0.1675790548324585,0.03635702654719353,models/electric_devices/latent_tda_features/seed3_train_T96_B1024_H32_W32_latent64_win15_bins16.pt,models/electric_devices/latent_tda_features/seed3_test_T96_B512_H32_W32_latent64_win15_bins16.pt
electric_devices,ElectricDevices,latent_tda,AE,4,h1,mlp,100778,25174,sequence_random,64,11,16,0.001,0.056000206619501114,0.14650295674800873,0.02931518480181694,models/electric_devices/latent_tda_features/seed4_train_T96_B1024_H32_W32_latent64_win15_bins16.pt,models/electric_devices/latent_tda_features/seed4_test_T96_B512_H32_W32_latent64_win15_bins16.pt
electric_devices,ElectricDevices,geo_latent_tda,GeoAE,0,h1,mlp,16810,4182,sequence_random,64,9,16,0.001,0.04851071164011955,0.20676885545253754,0.20287591218948364,models/electric_devices_geoae_lam0.1/latent_tda_features/seed0_train_T96_B128_H32_W32_latent64_win15_bins16.pt,models/electric_devices_geoae_lam0.1/latent_tda_features/seed0_test_T96_B128_H32_W32_latent64_win15_bins16.pt
electric_devices,ElectricDevices,geo_latent_tda,GeoAE,1,h1,mlp,100778,25174,sequence_random,64,11,16,0.001,0.07084029167890549,0.3132273256778717,0.14062201976776123,models/electric_devices_geoae_lam0.1/latent_tda_features/seed1_train_T96_B1024_H32_W32_latent64_win15_bins16.pt,models/electric_devices_geoae_lam0.1/latent_tda_features/seed1_test_T96_B512_H32_W32_latent64_win15_bins16.pt
electric_devices,ElectricDevices,geo_latent_tda,GeoAE,2,h1,mlp,100778,25174,sequence_random,64,10,16,0.001,0.08153673261404037,0.32116490602493286,0.1645411103963852,models/electric_devices_geoae_lam0.1/latent_tda_features/seed2_train_T96_B1024_H32_W32_latent64_win15_bins16.pt,models/electric_devices_geoae_lam0.1/latent_tda_features/seed2_test_T96_B512_H32_W32_latent64_win15_bins16.pt
electric_devices,ElectricDevices,geo_latent_tda,GeoAE,3,h1,mlp,100778,25174,sequence_random,64,11,16,0.001,0.07362403720617294,0.3600810468196869,0.1652807593345642,models/electric_devices_geoae_lam0.1/latent_tda_features/seed3_train_T96_B1024_H32_W32_latent64_win15_bins16.pt,models/electric_devices_geoae_lam0.1/latent_tda_features/seed3_test_T96_B512_H32_W32_latent64_win15_bins16.pt
electric_devices,ElectricDevices,geo_latent_tda,GeoAE,4,h1,mlp,100778,25174,sequence_random,64,10,16,0.001,0.10814080387353897,0.35471096634864807,0.18307121098041534,models/electric_devices_geoae_lam0.1/latent_tda_features/seed4_train_T96_B1024_H32_W32_latent64_win15_bins16.pt,models/electric_devices_geoae_lam0.1/latent_tda_features/seed4_test_T96_B512_H32_W32_latent64_win15_bins16.pt
electric_devices,ElectricDevices,topo_latent_tda,TopoAE,0,h1,mlp,16810,4182,sequence_random,64,12,16,0.001,0.02263277769088745,0.09540953487157822,0.062347352504730225,models/electric_devices_topoae_lam0.1_signature/latent_tda_features/seed0_train_T96_B128_H32_W32_latent64_win15_bins16.pt,models/electric_devices_topoae_lam0.1_signature/latent_tda_features/seed0_test_T96_B128_H32_W32_latent64_win15_bins16.pt
electric_devices,ElectricDevices,topo_latent_tda,TopoAE,1,h1,mlp,100778,25174,sequence_random,64,12,16,0.001,0.12022781372070312,0.2552262842655182,0.04539449140429497,models/electric_devices_topoae_lam0.1_signature/latent_tda_features/seed1_train_T96_B1024_H32_W32_latent64_win15_bins16.pt,models/electric_devices_topoae_lam0.1_signature/latent_tda_features/seed1_test_T96_B512_H32_W32_latent64_win15_bins16.pt
electric_devices,ElectricDevices,topo_latent_tda,TopoAE,2,h1,mlp,100778,25174,sequence_random,64,12,16,0.001,0.11764393001794815,0.2280786633491516,0.048662230372428894,models/electric_devices_topoae_lam0.1_signature/latent_tda_features/seed2_train_T96_B1024_H32_W32_latent64_win15_bins16.pt,models/electric_devices_topoae_lam0.1_signature/latent_tda_features/seed2_test_T96_B512_H32_W32_latent64_win15_bins16.pt
electric_devices,ElectricDevices,topo_latent_tda,TopoAE,3,h1,mlp,100778,25174,sequence_random,64,13,16,0.001,0.16316315531730652,0.29455721378326416,0.04556063190102577,models/electric_devices_topoae_lam0.1_signature/latent_tda_features/seed3_train_T96_B1024_H32_W32_latent64_win15_bins16.pt,models/electric_devices_topoae_lam0.1_signature/latent_tda_features/seed3_test_T96_B512_H32_W32_latent64_win15_bins16.pt
electric_devices,ElectricDevices,topo_latent_tda,TopoAE,4,h1,mlp,100778,25174,sequence_random,64,13,16,0.001,0.1111300066113472,0.2479320615530014,0.043878812342882156,models/electric_devices_topoae_lam0.1_signature/latent_tda_features/seed4_train_T96_B1024_H32_W32_latent64_win15_bins16.pt,models/electric_devices_topoae_lam0.1_signature/latent_tda_features/seed4_test_T96_B512_H32_W32_latent64_win15_bins16.pt
glioblastoma,Glioblastoma,latent_tda,AE,0,h1,mlp,5544,1368,sequence_random,128,8,16,0.001,0.928461492061615,0.9651700258255005,0.005155706312507391,models/glioblastoma/latent_tda_features/seed0_train_T50_B128_H64_W64_latent128_win15_bins16.pt,models/glioblastoma/latent_tda_features/seed0_test_T50_B64_H64_W64_latent128_win15_bins16.pt
glioblastoma,Glioblastoma,latent_tda,AE,1,h1,mlp,5544,1368,sequence_random,128,5,16,0.001,0.9556883573532104,0.9758172631263733,0.0015864905435591936,models/glioblastoma/latent_tda_features/seed1_train_T50_B128_H64_W64_latent128_win15_bins16.pt,models/glioblastoma/latent_tda_features/seed1_test_T50_B64_H64_W64_latent128_win15_bins16.pt
glioblastoma,Glioblastoma,latent_tda,AE,2,h1,mlp,5544,1368,sequence_random,128,6,16,0.001,0.9453453421592712,0.9597977995872498,0.0037361227441579103,models/glioblastoma/latent_tda_features/seed2_train_T50_B128_H64_W64_latent128_win15_bins16.pt,models/glioblastoma/latent_tda_features/seed2_test_T50_B64_H64_W64_latent128_win15_bins16.pt
glioblastoma,Glioblastoma,latent_tda,AE,3,h1,mlp,5544,1368,sequence_random,128,7,16,0.001,0.9806103110313416,0.9839004278182983,0.002364053390920162,models/glioblastoma/latent_tda_features/seed3_train_T50_B128_H64_W64_latent128_win15_bins16.pt,models/glioblastoma/latent_tda_features/seed3_test_T50_B64_H64_W64_latent128_win15_bins16.pt
glioblastoma,Glioblastoma,latent_tda,AE,4,h1,mlp,5544,1368,sequence_random,128,7,16,0.001,0.9282656908035278,0.9068781137466431,0.011207235045731068,models/glioblastoma/latent_tda_features/seed4_train_T50_B128_H64_W64_latent128_win15_bins16.pt,models/glioblastoma/latent_tda_features/seed4_test_T50_B64_H64_W64_latent128_win15_bins16.pt
glioblastoma,Glioblastoma,geo_latent_tda,GeoAE,0,h1,mlp,5544,1368,sequence_random,128,4,16,0.001,0.5545652508735657,0.741218090057373,0.015041560865938663,models/glioblastoma_geoae_lam0.1/latent_tda_features/seed0_train_T50_B128_H64_W64_latent128_win15_bins16.pt,models/glioblastoma_geoae_lam0.1/latent_tda_features/seed0_test_T50_B64_H64_W64_latent128_win15_bins16.pt
glioblastoma,Glioblastoma,geo_latent_tda,GeoAE,1,h1,mlp,5544,1368,sequence_random,128,4,16,0.001,0.9925110936164856,0.9918723702430725,0.001064997399225831,models/glioblastoma_geoae_lam0.1/latent_tda_features/seed1_train_T50_B128_H64_W64_latent128_win15_bins16.pt,models/glioblastoma_geoae_lam0.1/latent_tda_features/seed1_test_T50_B64_H64_W64_latent128_win15_bins16.pt
glioblastoma,Glioblastoma,geo_latent_tda,GeoAE,2,h1,mlp,5544,1368,sequence_random,128,4,16,0.001,0.998711884021759,0.9989891052246094,0.00026621072902344167,models/glioblastoma_geoae_lam0.1/latent_tda_features/seed2_train_T50_B128_H64_W64_latent128_win15_bins16.pt,models/glioblastoma_geoae_lam0.1/latent_tda_features/seed2_test_T50_B64_H64_W64_latent128_win15_bins16.pt
glioblastoma,Glioblastoma,geo_latent_tda,GeoAE,3,h1,mlp,5544,1368,sequence_random,128,4,16,0.001,0.9989610910415649,0.9981257319450378,0.00018512553651817143,models/glioblastoma_geoae_lam0.1/latent_tda_features/seed3_train_T50_B128_H64_W64_latent128_win15_bins16.pt,models/glioblastoma_geoae_lam0.1/latent_tda_features/seed3_test_T50_B64_H64_W64_latent128_win15_bins16.pt
glioblastoma,Glioblastoma,geo_latent_tda,GeoAE,4,h1,mlp,5544,1368,sequence_random,128,3,16,0.001,0.9849691390991211,0.9895201325416565,0.000949510489590466,models/glioblastoma_geoae_lam0.1/latent_tda_features/seed4_train_T50_B128_H64_W64_latent128_win15_bins16.pt,models/glioblastoma_geoae_lam0.1/latent_tda_features/seed4_test_T50_B64_H64_W64_latent128_win15_bins16.pt
glioblastoma,Glioblastoma,topo_latent_tda,TopoAE,0,h1,mlp,5544,1368,sequence_random,128,8,16,0.001,0.8648152351379395,0.9057983160018921,0.006884911097586155,models/glioblastoma_topoae_lam0.1_signature/latent_tda_features/seed0_train_T50_B128_H64_W64_latent128_win15_bins16.pt,models/glioblastoma_topoae_lam0.1_signature/latent_tda_features/seed0_test_T50_B64_H64_W64_latent128_win15_bins16.pt
glioblastoma,Glioblastoma,topo_latent_tda,TopoAE,1,h1,mlp,5544,1368,sequence_random,128,7,16,0.001,0.8862962126731873,0.9306629300117493,0.004363279324024916,models/glioblastoma_topoae_lam0.1_signature/latent_tda_features/seed1_train_T50_B128_H64_W64_latent128_win15_bins16.pt,models/glioblastoma_topoae_lam0.1_signature/latent_tda_features/seed1_test_T50_B64_H64_W64_latent128_win15_bins16.pt
glioblastoma,Glioblastoma,topo_latent_tda,TopoAE,2,h1,mlp,5544,1368,sequence_random,128,10,16,0.001,0.38514551520347595,0.6129003167152405,0.02960767038166523,models/glioblastoma_topoae_lam0.1_signature/latent_tda_features/seed2_train_T50_B128_H64_W64_latent128_win15_bins16.pt,models/glioblastoma_topoae_lam0.1_signature/latent_tda_features/seed2_test_T50_B64_H64_W64_latent128_win15_bins16.pt
glioblastoma,Glioblastoma,topo_latent_tda,TopoAE,3,h1,mlp,5544,1368,sequence_random,128,7,16,0.001,0.829670250415802,0.9674680829048157,0.006027651485055685,models/glioblastoma_topoae_lam0.1_signature/latent_tda_features/seed3_train_T50_B128_H64_W64_latent128_win15_bins16.pt,models/glioblastoma_topoae_lam0.1_signature/latent_tda_features/seed3_test_T50_B64_H64_W64_latent128_win15_bins16.pt
glioblastoma,Glioblastoma,topo_latent_tda,TopoAE,4,h1,mlp,5544,1368,sequence_random,128,8,16,0.001,0.8651144504547119,0.9354376196861267,0.006804958451539278,models/glioblastoma_topoae_lam0.1_signature/latent_tda_features/seed4_train_T50_B128_H64_W64_latent128_win15_bins16.pt,models/glioblastoma_topoae_lam0.1_signature/latent_tda_features/seed4_test_T50_B64_H64_W64_latent128_win15_bins16.pt
hela,HeLa,latent_tda,AE,0,h1,mlp,1224,288,sequence_random,128,4,16,0.001,0.012527033686637878,0.02573789469897747,0.014672666788101196,models/hela/latent_tda_features/seed0_train_T50_B14_H64_W64_latent128_win15_bins16.pt,models/hela/latent_tda_features/seed0_test_T50_B28_H64_W64_latent128_win15_bins16.pt
hela,HeLa,latent_tda,AE,1,h1,mlp,1224,288,sequence_random,128,3,16,0.001,-0.4061344563961029,-0.5314626097679138,0.008794929832220078,models/hela/latent_tda_features/seed1_train_T50_B14_H64_W64_latent128_win15_bins16.pt,models/hela/latent_tda_features/seed1_test_T50_B28_H64_W64_latent128_win15_bins16.pt
hela,HeLa,latent_tda,AE,2,h1,mlp,1224,288,sequence_random,128,2,16,0.001,0.2357633113861084,0.4715266227722168,0.015055302530527115,models/hela/latent_tda_features/seed2_train_T50_B14_H64_W64_latent128_win15_bins16.pt,models/hela/latent_tda_features/seed2_test_T50_B28_H64_W64_latent128_win15_bins16.pt
hela,HeLa,latent_tda,AE,3,h1,mlp,1224,288,sequence_random,128,3,16,0.001,0.05854187533259392,0.1552700400352478,0.019352689385414124,models/hela/latent_tda_features/seed3_train_T50_B14_H64_W64_latent128_win15_bins16.pt,models/hela/latent_tda_features/seed3_test_T50_B28_H64_W64_latent128_win15_bins16.pt
hela,HeLa,latent_tda,AE,4,h1,mlp,1224,288,sequence_random,128,5,16,0.001,0.007661068346351385,0.07935523241758347,0.010088592767715454,models/hela/latent_tda_features/seed4_train_T50_B14_H64_W64_latent128_win15_bins16.pt,models/hela/latent_tda_features/seed4_test_T50_B28_H64_W64_latent128_win15_bins16.pt
hela,HeLa,geo_latent_tda,GeoAE,0,h1,mlp,1224,288,sequence_random,128,5,16,0.001,-0.03096390888094902,0.04334993660449982,0.15720640122890472,models/hela_geoae_lam0.1/latent_tda_features/seed0_train_T50_B14_H64_W64_latent128_win15_bins16.pt,models/hela_geoae_lam0.1/latent_tda_features/seed0_test_T50_B28_H64_W64_latent128_win15_bins16.pt
hela,HeLa,geo_latent_tda,GeoAE,1,h1,mlp,1224,288,sequence_random,128,4,16,0.001,0.8327237367630005,0.7963010668754578,0.05209006369113922,models/hela_geoae_lam0.1/latent_tda_features/seed1_train_T50_B14_H64_W64_latent128_win15_bins16.pt,models/hela_geoae_lam0.1/latent_tda_features/seed1_test_T50_B28_H64_W64_latent128_win15_bins16.pt
hela,HeLa,geo_latent_tda,GeoAE,2,h1,mlp,1224,288,sequence_random,128,5,16,0.001,0.37680020928382874,0.4137679636478424,0.0795297622680664,models/hela_geoae_lam0.1/latent_tda_features/seed2_train_T50_B14_H64_W64_latent128_win15_bins16.pt,models/hela_geoae_lam0.1/latent_tda_features/seed2_test_T50_B28_H64_W64_latent128_win15_bins16.pt
hela,HeLa,geo_latent_tda,GeoAE,3,h1,mlp,1224,288,sequence_random,128,5,16,0.001,0.5143660306930542,0.7941020727157593,0.03845458850264549,models/hela_geoae_lam0.1/latent_tda_features/seed3_train_T50_B14_H64_W64_latent128_win15_bins16.pt,models/hela_geoae_lam0.1/latent_tda_features/seed3_test_T50_B28_H64_W64_latent128_win15_bins16.pt
hela,HeLa,geo_latent_tda,GeoAE,4,h1,mlp,1224,288,sequence_random,128,4,16,0.001,0.5289126038551331,0.8555949926376343,0.03128204867243767,models/hela_geoae_lam0.1/latent_tda_features/seed4_train_T50_B14_H64_W64_latent128_win15_bins16.pt,models/hela_geoae_lam0.1/latent_tda_features/seed4_test_T50_B28_H64_W64_latent128_win15_bins16.pt
hela,HeLa,topo_latent_tda,TopoAE,0,h1,mlp,1224,288,sequence_random,128,6,16,0.001,0.07258749008178711,0.09216782450675964,0.10047449916601181,models/hela_topoae_lam0.1_signature/latent_tda_features/seed0_train_T50_B14_H64_W64_latent128_win15_bins16.pt,models/hela_topoae_lam0.1_signature/latent_tda_features/seed0_test_T50_B28_H64_W64_latent128_win15_bins16.pt
hela,HeLa,topo_latent_tda,TopoAE,1,h1,mlp,1224,288,sequence_random,128,7,16,0.001,-0.05423557758331299,-0.07630612701177597,0.06766584515571594,models/hela_topoae_lam0.1_signature/latent_tda_features/seed1_train_T50_B14_H64_W64_latent128_win15_bins16.pt,models/hela_topoae_lam0.1_signature/latent_tda_features/seed1_test_T50_B28_H64_W64_latent128_win15_bins16.pt
hela,HeLa,topo_latent_tda,TopoAE,2,h1,mlp,1224,288,sequence_random,128,4,16,0.001,0.5042058825492859,0.5180513858795166,0.10663771629333496,models/hela_topoae_lam0.1_signature/latent_tda_features/seed2_train_T50_B14_H64_W64_latent128_win15_bins16.pt,models/hela_topoae_lam0.1_signature/latent_tda_features/seed2_test_T50_B28_H64_W64_latent128_win15_bins16.pt
hela,HeLa,topo_latent_tda,TopoAE,3,h1,mlp,1224,288,sequence_random,128,3,16,0.001,0.5488026142120361,0.8150120377540588,0.0799427479505539,models/hela_topoae_lam0.1_signature/latent_tda_features/seed3_train_T50_B14_H64_W64_latent128_win15_bins16.pt,models/hela_topoae_lam0.1_signature/latent_tda_features/seed3_test_T50_B28_H64_W64_latent128_win15_bins16.pt
hela,HeLa,topo_latent_tda,TopoAE,4,h1,mlp,1224,288,sequence_random,128,5,16,0.001,0.7175620794296265,0.6724696159362793,0.07448174804449081,models/hela_topoae_lam0.1_signature/latent_tda_features/seed4_train_T50_B14_H64_W64_latent128_win15_bins16.pt,models/hela_topoae_lam0.1_signature/latent_tda_features/seed4_test_T50_B28_H64_W64_latent128_win15_bins16.pt
